Computing main repo mapping: 
Loading: 
Loading: 0 packages loaded
WARNING: Build option --host_cxxopt has changed, discarding analysis cache (this can be expensive, see https://bazel.build/advanced/performance/iteration-speed).
Analyzing: target //mediapipe/examples/android/src/java/com/google/mediapipe/apps/faceheadroigpu:faceheadroigpu (0 packages loaded, 0 targets configured)
Analyzing: target //mediapipe/examples/android/src/java/com/google/mediapipe/apps/faceheadroigpu:faceheadroigpu (0 packages loaded, 0 targets configured)

Analyzing: target //mediapipe/examples/android/src/java/com/google/mediapipe/apps/faceheadroigpu:faceheadroigpu (0 packages loaded, 20818 targets configured)

INFO: Analyzed target //mediapipe/examples/android/src/java/com/google/mediapipe/apps/faceheadroigpu:faceheadroigpu (0 packages loaded, 20830 targets configured).
[991 / 4,057] Compiling absl/base/log_severity.cc [for tool]; 0s local ... (128 actions, 16 running)
INFO: From Compiling absl/flags/internal/commandlineflag.cc [for tool]:
cl : Command line warning D9002 : ignoring unknown option '-std=c++20'
[993 / 4,057] Compiling absl/base/log_severity.cc [for tool]; 1s local ... (128 actions, 16 running)
INFO: From Compiling third_party/utf8_range/utf8_validity.cc [for tool]:
cl : Command line warning D9002 : ignoring unknown option '-std=c++20'
[994 / 4,057] Compiling absl/base/log_severity.cc [for tool]; 2s local ... (128 actions, 16 running)
INFO: From Compiling absl/base/log_severity.cc [for tool]:
cl : Command line warning D9002 : ignoring unknown option '-std=c++20'
INFO: From Compiling upb_generator/mangle.cc [for tool]:
cl : Command line warning D9002 : ignoring unknown option '-std=c++20'
[996 / 4,057] Compiling src/google/protobuf/compiler/rust/relative_path.cc [for tool]; 3s local ... (128 actions, 16 running)
[996 / 4,057] Compiling src/google/protobuf/compiler/rust/relative_path.cc [for tool]; 4s local ... (128 actions, 17 running)
INFO: From Compiling src/google/protobuf/io/io_win32.cc [for tool]:
cl : Command line warning D9002 : ignoring unknown option '-std=c++20'
[998 / 4,057] Compiling src/google/protobuf/compiler/rust/relative_path.cc [for tool]; 5s local ... (128 actions, 17 running)
INFO: From Compiling src/google/protobuf/io/strtod.cc [for tool]:
cl : Command line warning D9002 : ignoring unknown option '-std=c++20'
INFO: From Compiling absl/log/die_if_null.cc [for tool]:
cl : Command line warning D9002 : ignoring unknown option '-std=c++20'
INFO: From Compiling src/google/protobuf/io/zero_copy_sink.cc [for tool]:
cl : Command line warning D9002 : ignoring unknown option '-std=c++20'
[1,003 / 4,057] Compiling src/google/protobuf/compiler/rust/relative_path.cc [for tool]; 6s local ... (128 actions, 17 running)
INFO: From Compiling src/google/protobuf/compiler/rust/relative_path.cc [for tool]:
cl : Command line warning D9002 : ignoring unknown option '-std=c++20'
[1,004 / 4,057] Compiling src/google/protobuf/io/zero_copy_stream_impl_lite.cc [for tool]; 8s local ... (128 actions, 18 running)
INFO: From Compiling src/google/protobuf/arena.cc [for tool]:
cl : Command line warning D9002 : ignoring unknown option '-std=c++20'
INFO: From Compiling src/google/protobuf/io/zero_copy_stream.cc [for tool]:
cl : Command line warning D9002 : ignoring unknown option '-std=c++20'
INFO: From Compiling src/google/protobuf/io/zero_copy_stream_impl_lite.cc [for tool]:
cl : Command line warning D9002 : ignoring unknown option '-std=c++20'
INFO: From Compiling src/google/protobuf/io/coded_stream.cc [for tool]:
cl : Command line warning D9002 : ignoring unknown option '-std=c++20'
INFO: From Compiling src/google/protobuf/arena_align.cc [for tool]:
cl : Command line warning D9002 : ignoring unknown option '-std=c++20'
[1,012 / 4,061] Compiling src/google/protobuf/io/printer.cc [for tool]; 9s local ... (128 actions, 16 running)
INFO: From Compiling src/google/protobuf/port.cc [for tool]:
cl : Command line warning D9002 : ignoring unknown option '-std=c++20'
[1,013 / 4,061] Compiling src/google/protobuf/io/printer.cc [for tool]; 10s local ... (128 actions, 16 running)
INFO: From Compiling absl/container/internal/hashtablez_sampler_force_weak_definition.cc [for tool]:
cl : Command line warning D9002 : ignoring unknown option '-std=c++20'
[1,015 / 4,063] Compiling src/google/protobuf/io/printer.cc [for tool]; 11s local ... (128 actions, 16 running)
INFO: From Compiling src/google/protobuf/testing/file.cc [for tool]:
cl : Command line warning D9002 : ignoring unknown option '-std=c++20'
INFO: From Compiling absl/container/internal/raw_hash_set.cc [for tool]:
cl : Command line warning D9002 : ignoring unknown option '-std=c++20'
[1,017 / 4,063] Compiling src/google/protobuf/io/printer.cc [for tool]; 12s local ... (128 actions, 16 running)
INFO: From Compiling src/google/protobuf/io/printer.cc [for tool]:
cl : Command line warning D9002 : ignoring unknown option '-std=c++20'
INFO: From Compiling absl/log/internal/check_op.cc [for tool]:
cl : Command line warning D9002 : ignoring unknown option '-std=c++20'
[1,020 / 4,063] [Sched] Compiling src/google/protobuf/io/gzip_stream.cc [for tool]; 13s ... (128 actions, 16 running)
INFO: From Compiling src/google/protobuf/stubs/common.cc [for tool]:
cl : Command line warning D9002 : ignoring unknown option '-std=c++20'
[1,022 / 4,063] [Sched] Compiling tensorflow/lite/delegates/gpu/common/memory_management/greedy_by_breadth_assignment.cc; 14s ... (128 actions, 17 running)
INFO: From Compiling src/google/protobuf/io/gzip_stream.cc [for tool]:
cl : Command line warning D9002 : ignoring unknown option '-std=c++20'
INFO: From Compiling absl/log/internal/log_message.cc [for tool]:
cl : Command line warning D9002 : ignoring unknown option '-std=c++20'
INFO: From Compiling mediapipe/framework/deps/status_builder.cc [for tool]:
cl : Command line warning D9002 : ignoring unknown option '-std=c++20'
C:\users\gregb\_bazel_gregb\au7dswig\execroot\mediapipe\mediapipe\framework\deps\status_builder.cc(107) : warning C4715: '`mediapipe::StatusBuilder::Impl::JoinMessageToStatus'::`2'::<lambda_1>::operator()': not all control paths return a value
[1,027 / 4,065] [Sched] Compiling tensorflow/lite/delegates/gpu/api.cc; 15s ... (128 actions, 16 running)
INFO: From Compiling src/google/protobuf/json/internal/zero_copy_buffered_stream.cc [for tool]:
cl : Command line warning D9002 : ignoring unknown option '-std=c++20'
INFO: From Compiling absl/log/internal/log_format.cc [for tool]:
cl : Command line warning D9002 : ignoring unknown option '-std=c++20'
[1,031 / 4,065] [Sched] Compiling tensorflow/lite/delegates/gpu/gl/object_manager.cc; 16s ... (127 actions, 16 running)
[1,033 / 4,065] [Sched] Compiling tensorflow/lite/delegates/gpu/cl/cl_image_format.cc; 17s ... (128 actions, 17 running)
INFO: From Compiling mediapipe/framework/deps/status.cc [for tool]:
cl : Command line warning D9002 : ignoring unknown option '-std=c++20'
INFO: From Compiling mediapipe/framework/deps/file_helpers.cc [for tool]:
cl : Command line warning D9002 : ignoring unknown option '-std=c++20'
.\mediapipe/framework/port/logging.h(21): warning C4005: 'GLOG_NO_ABBREVIATED_SEVERITIES': macro redefinition
.\mediapipe/framework/port/logging.h(21): note: 'GLOG_NO_ABBREVIATED_SEVERITIES' previously declared on the command line
INFO: From Compiling mediapipe/framework/deps/platform_strings.cc [for tool]:
cl : Command line warning D9002 : ignoring unknown option '-std=c++20'
[1,037 / 4,065] [Sched] Compiling tensorflow/lite/delegates/gpu/cl/cl_context.cc; 19s ... (128 actions, 17 running)
INFO: From Compiling absl/log/internal/nullguard.cc [for tool]:
cl : Command line warning D9002 : ignoring unknown option '-std=c++20'
INFO: From Compiling src/google/protobuf/io/zero_copy_stream_impl.cc [for tool]:
cl : Command line warning D9002 : ignoring unknown option '-std=c++20'
[1,041 / 4,065] [Sched] Compiling tensorflow/lite/delegates/gpu/cl/util.cc; 20s ... (128 actions, 17 running)
[1,042 / 4,065] [Sched] Compiling tensorflow/lite/delegates/gpu/cl/util.cc; 21s ... (128 actions, 16 running)
[1,042 / 4,065] [Sched] Compiling absl/container/internal/hashtablez_sampler.cc [for tool]; 22s ... (128 actions, 17 running)
INFO: From Compiling src/google/protobuf/io/tokenizer.cc [for tool]:
cl : Command line warning D9002 : ignoring unknown option '-std=c++20'
INFO: From Compiling absl/debugging/internal/examine_stack.cc [for tool]:
cl : Command line warning D9002 : ignoring unknown option '-std=c++20'
INFO: From Compiling src/google/protobuf/json/internal/writer.cc [for tool]:
cl : Command line warning D9002 : ignoring unknown option '-std=c++20'
INFO: From Compiling absl/log/internal/proto.cc [for tool]:
cl : Command line warning D9002 : ignoring unknown option '-std=c++20'
[1,049 / 4,065] [Sched] Compiling tensorflow/lite/delegates/gpu/cl/cl_memory.cc; 23s ... (126 actions, 17 running)
INFO: From Compiling absl/log/internal/conditions.cc [for tool]:
cl : Command line warning D9002 : ignoring unknown option '-std=c++20'
[1,053 / 4,065] [Sched] Compiling src/windows/port.cc [for tool]; 25s ... (128 actions, 17 running)
[1,055 / 4,065] [Sched] Extracting classes.jar and libs/*.jar from recyclerview-1.1.0-beta02.aar; 26s ... (128 actions, 17 running)
INFO: From Compiling mediapipe/framework/deps/file_path.cc [for tool]:
cl : Command line warning D9002 : ignoring unknown option '-std=c++20'
[1,058 / 4,065] [Sched] Desugaring external/maven/v1/https/repo1.maven.org/maven2/com/google/code/findbugs/jsr305/3.0.2/processed_jsr305-3.0.2.jar for Android; 27s ... (128 actions, 17 running)
[1,061 / 4,065] [Sched] Compiling src/gflags.cc [for tool]; 28s ... (128 actions, 17 running)
INFO: From Compiling src/windows_port.cc [for tool]:
cl : Command line warning D9002 : ignoring unknown option '-std=c++20'
INFO: From Compiling mediapipe/framework/tool/encode_as_c_string.cc [for tool]:
cl : Command line warning D9002 : ignoring unknown option '-std=c++20'
INFO: From Compiling absl/container/internal/hashtablez_sampler.cc [for tool]:
cl : Command line warning D9002 : ignoring unknown option '-std=c++20'
[1,069 / 4,071] [Sched] Compiling tensorflow/lite/delegates/gpu/gl/compiler/variable_accessor.cc; 29s ... (128 actions, 16 running)
[1,073 / 4,071] [Sched] Compiling tensorflow/lite/delegates/gpu/common/memory_management/min_cost_flow_assignment.cc; 30s ... (128 actions, 16 running)
INFO: From Compiling src/windows/port.cc [for tool]:
cl : Command line warning D9002 : ignoring unknown option '-std=c++20'
cl : Command line warning D9002 : ignoring unknown option '-std=c++17'
[1,075 / 4,071] [Sched] Compiling src/gflags_completions.cc [for tool]; 31s ... (128 actions, 16 running)
[1,075 / 4,071] [Sched] Compiling tensorflow/lite/delegates/gpu/gl/egl_context.cc; 33s ... (128 actions, 17 running)
INFO: From Compiling src/gflags.cc [for tool]:
cl : Command line warning D9002 : ignoring unknown option '-std=c++20'
[1,078 / 4,071] [Sched] Compiling tensorflow/lite/delegates/gpu/gl/workgroups/ideal_workgroup_picker.cc; 34s ... (128 actions, 17 running)
INFO: From Compiling absl/log/internal/log_sink_set.cc [for tool]:
cl : Command line warning D9002 : ignoring unknown option '-std=c++20'
[1,082 / 4,073] [Sched] Compiling tensorflow/lite/delegates/gpu/gl/workgroups/default_calculator.cc; 35s ... (128 actions, 16 running)
[1,083 / 4,073] [Sched] Compiling src/gflags_reporting.cc [for tool]; 36s ... (128 actions, 16 running)
[1,085 / 4,073] [Sched] Compiling absl/flags/usage.cc [for tool]; 37s ... (128 actions, 16 running)
[1,085 / 4,073] [Sched] Extracting proguard.txt from core-1.1.0-rc03.aar; 38s ... (128 actions, 17 running)
INFO: From Compiling src/gflags_completions.cc [for tool]:
cl : Command line warning D9002 : ignoring unknown option '-std=c++20'
[1,087 / 4,073] [Sched] Compiling tensorflow/lite/delegates/gpu/common/winograd_util.cc; 39s ... (128 actions, 17 running)
[1,090 / 4,073] [Sched] Compiling src/google/protobuf/util/delimited_message_util.cc [for tool]; 41s ... (128 actions, 16 running)
INFO: From Compiling src/gflags_reporting.cc [for tool]:
cl : Command line warning D9002 : ignoring unknown option '-std=c++20'
[1,091 / 4,073] [Sched] Compiling absl/log/log_entry.cc [for tool]; 42s ... (128 actions, 16 running)
[1,091 / 4,073] [Sched] Compiling tensorflow/lite/delegates/gpu/cl/cl_event.cc; 44s ... (128 actions, 17 running)
INFO: From Compiling absl/flags/usage.cc [for tool]:
cl : Command line warning D9002 : ignoring unknown option '-std=c++20'
[1,099 / 4,080] [Sched] Compiling tensorflow/lite/experimental/acceleration/compatibility/android_info.cc; 45s ... (128 actions, 17 running)
[1,100 / 4,080] [Sched] Compiling absl/types/bad_any_cast.cc; 46s ... (128 actions, 17 running)
[1,104 / 4,080] [Sched] Compiling tensorflow/lite/delegates/gpu/gl/kernels/max_unpooling.cc; 47s ... (128 actions, 17 running)
[1,106 / 4,080] [Sched] Compiling tensorflow/lite/delegates/gpu/gl/kernels/add.cc; 48s ... (128 actions, 16 running)
[1,109 / 4,080] [Sched] Merging compiled Android resources for @@maven//:androidx_versionedparcelable_versionedparcelable; 49s ... (128 actions, 16 running)
INFO: From Compiling src/google/protobuf/util/delimited_message_util.cc [for tool]:
cl : Command line warning D9002 : ignoring unknown option '-std=c++20'
[1,110 / 4,080] [Sched] Compiling tensorflow/lite/delegates/gpu/common/convert.cc; 50s ... (128 actions, 16 running)
INFO: From Compiling absl/log/log_entry.cc [for tool]:
cl : Command line warning D9002 : ignoring unknown option '-std=c++20'
[1,111 / 4,080] [Sched] Compiling tensorflow/lite/delegates/gpu/common/precision.cc; 51s ... (128 actions, 16 running)
INFO: From Compiling absl/log/log_sink.cc [for tool]:
cl : Command line warning D9002 : ignoring unknown option '-std=c++20'
[1,112 / 4,080] [Sched] Filtering AAR native libs by architecture for @maven//:androidx_fragment_fragment; 52s ... (128 actions, 17 running)
INFO: From Compiling absl/flags/parse.cc [for tool]:
cl : Command line warning D9002 : ignoring unknown option '-std=c++20'
[1,115 / 4,080] [Sched] Extracting classes.jar and libs/*.jar from constraintlayout-1.1.3.aar; 53s ... (128 actions, 16 running)
[1,117 / 4,080] [Sched] Extracting classes.jar and libs/*.jar from camera-core-1.0.0-beta10.aar; 54s ... (128 actions, 17 running)
INFO: From Compiling absl/status/statusor.cc [for tool]:
cl : Command line warning D9002 : ignoring unknown option '-std=c++20'
[1,120 / 4,080] [Sched] Filtering AAR native libs by architecture for @maven//:androidx_lifecycle_lifecycle_livedata_core; 55s ... (128 actions, 16 running)
[1,120 / 4,080] [Sched] Extracting proguard.txt from customview-1.0.0.aar; 56s ... (128 actions, 17 running)
[1,122 / 4,080] [Sched] Stamping the manifest of @maven//:androidx_constraintlayout_constraintlayout_solver; 57s ... (128 actions, 17 running)
INFO: From Compiling src/idl_gen_fbs.cpp [for tool]:
cl : Command line warning D9002 : ignoring unknown option '-std=c++20'
[1,130 / 4,084] [Sched] Linking external/com_google_protobuf/src/google/protobuf/io/io_win32.lib [for tool]; 54s ... (128 actions, 16 running)
[1,135 / 4,088] [Sched] Linking external/com_google_absl/absl/log/die_if_null.lib [for tool]; 54s ... (128 actions, 16 running)
[1,143 / 4,105] [Sched] Compiling absl/status/internal/status_internal.cc [for tool]; 53s ... (128 actions, 16 running)
[1,143 / 4,105] [Sched] Linking external/com_google_protobuf/src/google/protobuf/arena_align.lib [for tool]; 55s ... (128 actions, 17 running)
[1,144 / 4,105] [Sched] Linking external/com_google_protobuf/src/google/protobuf/arena_align.lib [for tool]; 56s ... (128 actions, 16 running)
[1,144 / 4,105] [Sched] Compiling tensorflow/lite/delegates/gpu/common/model_transformer.cc; 57s ... (128 actions, 17 running)
[1,147 / 4,107] [Sched] Desugaring external/maven/v1/https/repo1.maven.org/maven2/com/google/errorprone/error_prone_annotations/2.41.0/processed_error_prone_annotations-2.41.0.jar for Android; 58s ... (128 actions, 16 running)
[1,147 / 4,107] [Sched] Linking external/com_google_protobuf/src/google/protobuf/port.lib [for tool]; 58s ... (128 actions, 17 running)
[1,151 / 4,109] [Sched] Linking external/com_google_protobuf/src/google/protobuf/testing/file.lib [for tool]; 59s ... (128 actions, 16 running)
INFO: From Compiling absl/status/status_payload_printer.cc [for tool]:
cl : Command line warning D9002 : ignoring unknown option '-std=c++20'
[1,155 / 4,115] [Sched] Linking external/com_google_protobuf/src/google/protobuf/stubs/lite.lib [for tool]; 56s ... (128 actions, 18 running)
INFO: From Compiling src/code_generators.cpp [for tool]:
cl : Command line warning D9002 : ignoring unknown option '-std=c++20'
INFO: From Compiling absl/base/internal/strerror.cc [for tool]:
cl : Command line warning D9002 : ignoring unknown option '-std=c++20'
[1,167 / 4,121] [Sched] Linking external/com_google_absl/absl/log/internal/format.lib [for tool]; 56s ... (128 actions, 17 running)
INFO: From Compiling absl/status/internal/status_internal.cc [for tool]:
cl : Command line warning D9002 : ignoring unknown option '-std=c++20'
[1,174 / 4,133] [Sched] Compiling tensorflow/lite/delegates/gpu/common/transformations/global_pooling_to_reduce_op.cc; 55s ... (128 actions, 16 running)
[1,176 / 4,133] [Sched] Linking mediapipe/framework/deps/status.lib [for tool]; 56s ... (128 actions, 16 running)
[1,176 / 4,133] [Sched] Linking mediapipe/framework/deps/file_helpers.lib [for tool]; 57s ... (128 actions, 17 running)
[1,183 / 4,135] [Sched] Linking external/com_google_protobuf/src/google/protobuf/io/io.lib [for tool]; 56s ... (128 actions, 17 running)
[1,190 / 4,139] [Sched] Linking external/com_google_protobuf/src/google/protobuf/json/writer.lib [for tool]; 54s ... (128 actions, 17 running)
[1,199 / 4,150] [Sched] Compiling tensorflow/lite/delegates/gpu/common/transformations/add_bias.cc; 55s ... (128 actions, 16 running)
[1,204 / 4,150] [Sched] Compiling tensorflow/lite/delegates/gpu/gl/compiler/rename.cc; 55s ... (128 actions, 16 running)
INFO: From Compiling absl/flags/internal/usage.cc [for tool]:
cl : Command line warning D9002 : ignoring unknown option '-std=c++20'
[1,209 / 4,150] [Sched] Merging compiled Android resources for @@maven//:androidx_constraintlayout_constraintlayout; 54s ... (128 actions, 16 running)
[1,212 / 4,150] [Sched] Compiling absl/flags/flag.cc [for tool]; 54s ... (128 actions, 16 running)
[1,215 / 4,152] [Sched] Desugaring external/maven/v1/https/repo1.maven.org/maven2/com/google/guava/failureaccess/1.0.1/processed_failureaccess-1.0.1.jar for Android; 54s ... (128 actions, 16 running)
[1,216 / 4,152] [Sched] Desugaring external/maven/v1/https/repo1.maven.org/maven2/com/google/guava/failureaccess/1.0.1/processed_failureaccess-1.0.1.jar for Android; 56s ... (128 actions, 15 running)
[1,221 / 4,152] [Sched] Compiling tensorflow/lite/delegates/gpu/gl/gl_texture.cc; 52s ... (128 actions, 17 running)
INFO: From Compiling absl/strings/cord_buffer.cc [for tool]:
cl : Command line warning D9002 : ignoring unknown option '-std=c++20'
[1,225 / 4,152] [Sched] Linking external/com_google_absl/absl/log/internal/log_sink_set.lib [for tool]; 52s ... (128 actions, 17 running)
[1,231 / 4,154] [Sched] Compiling src/reflection.cpp [for tool]; 49s ... (128 actions, 16 running)
INFO: From Compiling absl/flags/flag.cc [for tool]:
cl : Command line warning D9002 : ignoring unknown option '-std=c++20'
[1,233 / 4,154] [Sched] Compiling tensorflow/lite/delegates/gpu/gl/compiler/shader_codegen.cc; 49s ... (128 actions, 16 running)
[1,236 / 4,154] [Sched] Linking external/com_github_gflags_gflags/gflags.lib [for tool]; 48s ... (128 actions, 16 running)
[1,238 / 4,154] [Sched] Compiling absl/strings/internal/cord_rep_crc.cc [for tool]; 46s ... (128 actions, 16 running)
INFO: From Compiling src/vlog_is_on.cc [for tool]:
cl : Command line warning D9002 : ignoring unknown option '-std=c++20'
cl : Command line warning D9002 : ignoring unknown option '-std=c++17'
[1,240 / 4,154] [Sched] Extracting proguard.txt from legacy-support-core-ui-1.0.0.aar; 46s ... (128 actions, 16 running)
INFO: From Compiling src/demangle.cc [for tool]:
cl : Command line warning D9002 : ignoring unknown option '-std=c++20'
cl : Command line warning D9002 : ignoring unknown option '-std=c++17'
INFO: From Compiling absl/strings/internal/cordz_info.cc [for tool]:
cl : Command line warning D9002 : ignoring unknown option '-std=c++20'
[1,242 / 4,154] [Sched] Compiling Android resources for @@maven//:androidx_localbroadcastmanager_localbroadcastmanager; 46s ... (128 actions, 17 running)
INFO: From Compiling absl/strings/cord.cc [for tool]:
cl : Command line warning D9002 : ignoring unknown option '-std=c++20'
[1,247 / 4,156] [Sched] Compiling tensorflow/lite/delegates/gpu/gl/gl_errors.cc; 44s ... (128 actions, 16 running)
INFO: From Compiling src/reflection.cpp [for tool]:
cl : Command line warning D9002 : ignoring unknown option '-std=c++20'
INFO: From Compiling src/google/protobuf/json/internal/message_path.cc [for tool]:
cl : Command line warning D9002 : ignoring unknown option '-std=c++20'
[1,257 / 4,158] [Sched] Linking external/com_google_absl/absl/flags/parse.lib [for tool]; 42s ... (128 actions, 16 running)
INFO: From Compiling src/util.cpp [for tool]:
cl : Command line warning D9002 : ignoring unknown option '-std=c++20'
[1,262 / 4,160] [Sched] Merging AAR embedded jars for @maven//:androidx_customview_customview; 41s ... (128 actions, 16 running)
[1,270 / 4,162] [Sched] Extracting AAR Resources for @maven//:androidx_lifecycle_lifecycle_livedata_core; 40s ... (128 actions, 16 running)
INFO: From Compiling absl/strings/internal/cord_rep_crc.cc [for tool]:
cl : Command line warning D9002 : ignoring unknown option '-std=c++20'
[1,273 / 4,162] [Sched] Compiling absl/flags/commandlineflag.cc [for tool]; 39s ... (128 actions, 16 running)
[1,275 / 4,164] [Sched] Creating compile jar for @maven//:androidx_constraintlayout_constraintlayout_solver; 39s ... (128 actions, 16 running)
[1,277 / 4,164] [Sched] Compiling src/google/protobuf/compiler/rust/rust_field_type.cc [for tool]; 40s ... (128 actions, 16 running)
[1,279 / 4,164] [Sched] Compiling absl/status/status.cc [for tool]; 41s ... (128 actions, 16 running)
INFO: From Compiling absl/flags/commandlineflag.cc [for tool]:
cl : Command line warning D9002 : ignoring unknown option '-std=c++20'
[1,283 / 4,170] [Sched] Compiling src/logging.cc [for tool]; 41s ... (127 actions, 17 running)
INFO: From Compiling absl/strings/internal/cordz_functions.cc [for tool]:
cl : Command line warning D9002 : ignoring unknown option '-std=c++20'
[1,291 / 4,172] [Sched] Compiling absl/strings/internal/cordz_handle.cc [for tool]; 41s ... (128 actions, 16 running)
INFO: From Compiling absl/base/internal/raw_logging.cc [for tool]:
cl : Command line warning D9002 : ignoring unknown option '-std=c++20'
INFO: From Compiling absl/profiling/internal/exponential_biased.cc [for tool]:
cl : Command line warning D9002 : ignoring unknown option '-std=c++20'
[1,294 / 4,172] [Sched] Extracting proguard.txt from coordinatorlayout-1.0.0.aar; 41s ... (128 actions, 16 running)
[1,294 / 4,172] [Sched] Dexing external/maven/_dx/com_google_code_findbugs_jsr305/processed_jsr305-3.0.2.jar_desugared.jar with applicable dexopts []; 41s ... (128 actions, 17 running)
INFO: From Compiling absl/synchronization/internal/graphcycles.cc [for tool]:
cl : Command line warning D9002 : ignoring unknown option '-std=c++20'
[1,297 / 4,172] [Sched] Dexing external/maven/_dx/com_google_errorprone_error_prone_annotations/processed_error_prone_annotations-2.41.0.jar_desugared.jar with applicable dexopts []; 40s ... (128 actions, 17 running)
INFO: From Compiling absl/synchronization/notification.cc [for tool]:
cl : Command line warning D9002 : ignoring unknown option '-std=c++20'
INFO: From Compiling absl/strings/internal/cordz_handle.cc [for tool]:
cl : Command line warning D9002 : ignoring unknown option '-std=c++20'
INFO: From Compiling src/google/protobuf/compiler/retention.cc [for tool]:
cl : Command line warning D9002 : ignoring unknown option '-std=c++20'
INFO: From Compiling absl/status/status.cc [for tool]:
cl : Command line warning D9002 : ignoring unknown option '-std=c++20'
[1,301 / 4,172] [Sched] Compiling Android resources for @@maven//:androidx_print_print; 39s ... (128 actions, 16 running)
INFO: From Compiling src/google/protobuf/compiler/rust/rust_field_type.cc [for tool]:
cl : Command line warning D9002 : ignoring unknown option '-std=c++20'
C:\users\gregb\_bazel_gregb\au7dswig\execroot\mediapipe\external\com_google_protobuf\src\google\protobuf\compiler\rust\rust_field_type.cc(48) : warning C4715: 'google::protobuf::compiler::rust::GetRustFieldType': not all control paths return a value
[1,302 / 4,172] [Sched] Compiling absl/debugging/internal/vdso_support.cc [for tool]; 40s ... (128 actions, 16 running)
INFO: From Compiling src/logging.cc [for tool]:
cl : Command line warning D9002 : ignoring unknown option '-std=c++20'
cl : Command line warning D9002 : ignoring unknown option '-std=c++17'
[1,304 / 4,172] [Sched] Linking external/flatbuffers/src/code_generators.lib [for tool]; 41s ... (128 actions, 16 running)
INFO: From Compiling absl/debugging/stacktrace.cc [for tool]:
cl : Command line warning D9002 : ignoring unknown option '-std=c++20'
INFO: From Compiling absl/debugging/internal/address_is_readable.cc [for tool]:
cl : Command line warning D9002 : ignoring unknown option '-std=c++20'
[1,307 / 4,172] [Sched] Linking external/com_google_absl/absl/base/strerror.lib [for tool]; 42s ... (128 actions, 16 running)
INFO: From Compiling absl/debugging/internal/vdso_support.cc [for tool]:
cl : Command line warning D9002 : ignoring unknown option '-std=c++20'
[1,309 / 4,193] [Sched] Compiling absl/crc/internal/crc_cord_state.cc [for tool]; 42s ... (128 actions, 17 running)
INFO: From Compiling absl/debugging/symbolize.cc [for tool]:
cl : Command line warning D9002 : ignoring unknown option '-std=c++20'
[1,314 / 4,193] [Sched] Compiling absl/crc/internal/cpu_detect.cc [for tool]; 42s ... (128 actions, 16 running)
INFO: From Compiling absl/synchronization/internal/kernel_timeout.cc [for tool]:
cl : Command line warning D9002 : ignoring unknown option '-std=c++20'
INFO: From Compiling absl/debugging/internal/demangle.cc [for tool]:
cl : Command line warning D9002 : ignoring unknown option '-std=c++20'
[1,316 / 4,193] [Sched] Desugaring external/maven/v1/https/repo1.maven.org/maven2/org/checkerframework/checker-compat-qual/2.5.3/processed_checker-compat-qual-2.5.3.jar for Android; 43s ... (128 actions, 16 running)
[1,320 / 4,193] [Sched] Extracting proguard.txt from drawerlayout-1.0.0.aar; 41s ... (128 actions, 17 running)
INFO: From Compiling absl/crc/internal/cpu_detect.cc [for tool]:
cl : Command line warning D9002 : ignoring unknown option '-std=c++20'
INFO: From Compiling absl/crc/internal/crc_x86_arm_combined.cc [for tool]:
cl : Command line warning D9002 : ignoring unknown option '-std=c++20'
INFO: From Compiling absl/base/internal/low_level_alloc.cc [for tool]:
cl : Command line warning D9002 : ignoring unknown option '-std=c++20'
[1,324 / 4,193] [Sched] Desugaring external/maven/v1/https/repo1.maven.org/maven2/com/google/j2objc/j2objc-annotations/1.1/processed_j2objc-annotations-1.1.jar for Android; 41s ... (128 actions, 16 running)
INFO: From Compiling absl/crc/internal/crc_non_temporal_memcpy.cc [for tool]:
cl : Command line warning D9002 : ignoring unknown option '-std=c++20'
INFO: From Compiling absl/crc/internal/crc_cord_state.cc [for tool]:
cl : Command line warning D9002 : ignoring unknown option '-std=c++20'
[1,329 / 4,193] [Sched] Stamping the manifest of @maven//:com_google_auto_value_auto_value; 41s ... (128 actions, 16 running)
[1,330 / 4,193] [Sched] Filtering AAR native libs by architecture for @maven//:androidx_lifecycle_lifecycle_viewmodel; 41s ... (128 actions, 17 running)
[1,331 / 4,193] [Sched] Filtering AAR native libs by architecture for @maven//:androidx_lifecycle_lifecycle_viewmodel; 42s ... (128 actions, 16 running)
INFO: From Compiling absl/crc/crc32c.cc [for tool]:
cl : Command line warning D9002 : ignoring unknown option '-std=c++20'
[1,332 / 4,193] [Sched] Merging AAR embedded jars for @maven//:androidx_core_core; 42s ... (128 actions, 16 running)
INFO: From Compiling absl/flags/internal/flag.cc [for tool]:
cl : Command line warning D9002 : ignoring unknown option '-std=c++20'
INFO: From Compiling absl/flags/marshalling.cc [for tool]:
cl : Command line warning D9002 : ignoring unknown option '-std=c++20'
[1,340 / 4,193] [Sched] Compiling mediapipe/framework/formats/hardware_buffer_android.cc; 42s ... (128 actions, 16 running)
INFO: From Compiling absl/flags/usage_config.cc [for tool]:
cl : Command line warning D9002 : ignoring unknown option '-std=c++20'
INFO: From Compiling absl/strings/internal/cord_internal.cc [for tool]:
cl : Command line warning D9002 : ignoring unknown option '-std=c++20'
INFO: From Compiling absl/strings/internal/str_format/parser.cc [for tool]:
cl : Command line warning D9002 : ignoring unknown option '-std=c++20'
[1,344 / 4,193] [Sched] Compiling absl/flags/internal/program_name.cc [for tool]; 42s ... (128 actions, 16 running)
INFO: From Compiling src/binary_annotator.cpp [for tool]:
cl : Command line warning D9002 : ignoring unknown option '-std=c++20'
INFO: From Compiling absl/log/initialize.cc [for tool]:
cl : Command line warning D9002 : ignoring unknown option '-std=c++20'
[1,348 / 4,193] [Sched] Compiling mediapipe/framework/formats/tensor_ahwb_usage.cc; 40s ... (128 actions, 16 running)
[1,349 / 4,193] [Sched] Compiling mediapipe/util/sync_wait.cc; 41s ... (128 actions, 16 running)
INFO: From Compiling absl/log/globals.cc [for tool]:
cl : Command line warning D9002 : ignoring unknown option '-std=c++20'
[1,351 / 4,193] [Sched] Linking static android resource library for @@maven//:androidx_constraintlayout_constraintlayout; 42s ... (128 actions, 16 running)
INFO: From Compiling absl/flags/reflection.cc [for tool]:
cl : Command line warning D9002 : ignoring unknown option '-std=c++20'
[1,352 / 4,193] [Sched] Compiling absl/strings/cord_analysis.cc [for tool]; 42s ... (128 actions, 16 running)
INFO: From Compiling src/google/protobuf/compiler/java/java_features.pb.cc [for tool]:
cl : Command line warning D9002 : ignoring unknown option '-std=c++20'
[1,353 / 4,193] [Sched] Compiling absl/strings/internal/str_format/arg.cc [for tool]; 43s ... (128 actions, 16 running)
INFO: From Compiling grpc/src/compiler/swift_generator.cc [for tool]:
cl : Command line warning D9002 : ignoring unknown option '-std=c++20'
[1,354 / 4,193] [Sched] Filtering AAR native libs by architecture for @maven//:androidx_loader_loader; 44s ... (128 actions, 16 running)
[1,355 / 4,193] [Sched] Compiling mediapipe/tasks/cc/metadata/metadata_version_utils.cc; 44s ... (128 actions, 16 running)
INFO: From Compiling absl/flags/internal/program_name.cc [for tool]:
cl : Command line warning D9002 : ignoring unknown option '-std=c++20'
[1,356 / 4,193] [Sched] Creating compile jar for @maven//:androidx_lifecycle_lifecycle_common; 45s ... (128 actions, 16 running)
[1,356 / 4,193] [Sched] Compiling absl/hash/internal/hash.cc [for tool]; 46s ... (128 actions, 17 running)
[1,359 / 4,193] [Sched] Compiling tensorflow/lite/delegates/gpu/gl/kernels/space_to_depth.cc; 47s ... (128 actions, 17 running)
INFO: From Compiling absl/strings/cord_analysis.cc [for tool]:
cl : Command line warning D9002 : ignoring unknown option '-std=c++20'
INFO: From Compiling absl/strings/internal/str_format/arg.cc [for tool]:
cl : Command line warning D9002 : ignoring unknown option '-std=c++20'
[1,363 / 4,193] [Sched] Compiling tensorflow/lite/delegates/xnnpack/quantization_util.cc; 46s ... (128 actions, 16 running)
[1,364 / 4,193] [Sched] Compiling src/google/protobuf/compiler/python/helpers.cc [for tool]; 47s ... (128 actions, 17 running)
INFO: From Compiling absl/hash/internal/hash.cc [for tool]:
cl : Command line warning D9002 : ignoring unknown option '-std=c++20'
[1,368 / 4,193] [Sched] Compiling src/google/protobuf/compiler/java/doc_comment.cc [for tool]; 46s ... (128 actions, 16 running)
[1,368 / 4,193] [Sched] Compiling src/google/protobuf/compiler/java/internal_helpers.cc [for tool]; 47s ... (128 actions, 17 running)
[1,369 / 4,193] [Sched] Compiling src/raw_logging.cc [for tool]; 48s ... (128 actions, 17 running)
[1,370 / 4,193] [Sched] Compiling src/raw_logging.cc [for tool]; 49s ... (128 actions, 16 running)
[1,370 / 4,193] [Sched] Linking external/com_google_absl/absl/strings/cordz_info.lib [for tool]; 51s ... (128 actions, 17 running)
INFO: From Compiling src/utilities.cc [for tool]:
cl : Command line warning D9002 : ignoring unknown option '-std=c++20'
cl : Command line warning D9002 : ignoring unknown option '-std=c++17'
[1,373 / 4,197] [Sched] Parsing Android resources for @@maven//:androidx_localbroadcastmanager_localbroadcastmanager; 51s ... (128 actions, 17 running)
[1,376 / 4,197] [Sched] Compiling tensorflow/lite/delegates/xnnpack/file_util.cc; 52s ... (128 actions, 16 running)
[1,380 / 4,197] [Sched] Linking external/com_google_protobuf/src/google/protobuf/json/message_path.lib [for tool]; 53s ... (128 actions, 16 running)
INFO: From Compiling absl/flags/internal/private_handle_accessor.cc [for tool]:
cl : Command line warning D9002 : ignoring unknown option '-std=c++20'
[1,382 / 4,197] [Sched] Compiling src/google/protobuf/any_lite.cc [for tool]; 53s ... (128 actions, 16 running)
[1,384 / 4,197] [Sched] Compiling src/idl_gen_text.cpp [for tool]; 54s ... (128 actions, 16 running)
INFO: From Compiling src/raw_logging.cc [for tool]:
cl : Command line warning D9002 : ignoring unknown option '-std=c++20'
cl : Command line warning D9002 : ignoring unknown option '-std=c++17'
[1,386 / 4,197] [Sched] Compiling src/google/protobuf/compiler/versions.cc [for tool]; 54s ... (128 actions, 16 running)
INFO: From Compiling src/google/protobuf/compiler/python/helpers.cc [for tool]:
cl : Command line warning D9002 : ignoring unknown option '-std=c++20'
INFO: From Compiling absl/hash/internal/city.cc [for tool]:
cl : Command line warning D9002 : ignoring unknown option '-std=c++20'
INFO: From Compiling absl/hash/internal/low_level_hash.cc [for tool]:
cl : Command line warning D9002 : ignoring unknown option '-std=c++20'
INFO: From Compiling src/google/protobuf/compiler/rust/crate_mapping.cc [for tool]:
cl : Command line warning D9002 : ignoring unknown option '-std=c++20'
[1,393 / 4,197] [Sched] Compiling absl/strings/internal/cord_rep_consume.cc [for tool]; 54s ... (128 actions, 16 running)
[1,394 / 4,197] [Sched] Compiling src/init.c; 55s ... (128 actions, 16 running)
INFO: From Compiling absl/types/bad_variant_access.cc [for tool]:
cl : Command line warning D9002 : ignoring unknown option '-std=c++20'
[1,396 / 4,197] [Sched] Compiling absl/log/internal/globals.cc [for tool]; 55s ... (128 actions, 16 running)
INFO: From Compiling src/google/protobuf/compiler/java/doc_comment.cc [for tool]:
cl : Command line warning D9002 : ignoring unknown option '-std=c++20'
INFO: From Compiling absl/crc/internal/crc_memcpy_fallback.cc [for tool]:
cl : Command line warning D9002 : ignoring unknown option '-std=c++20'
[1,399 / 4,197] [Sched] Desugaring external/maven/v1/https/maven.google.com/androidx/constraintlayout/constraintlayout-solver/1.1.3/processed_constraintlayout-solver-1.1.3.jar for Android; 54s ... (128 actions, 16 running)
INFO: From Compiling src/google/protobuf/compiler/java/internal_helpers.cc [for tool]:
cl : Command line warning D9002 : ignoring unknown option '-std=c++20'
[1,403 / 4,197] [Sched] Compiling src/google/protobuf/compiler/java/names.cc [for tool]; 53s ... (128 actions, 17 running)
INFO: From Compiling absl/strings/internal/cord_rep_consume.cc [for tool]:
cl : Command line warning D9002 : ignoring unknown option '-std=c++20'
[1,405 / 4,197] [Sched] Linking external/com_google_absl/absl/strings/cordz_functions.lib [for tool]; 53s ... (128 actions, 16 running)
INFO: From Compiling src/google/protobuf/any_lite.cc [for tool]:
cl : Command line warning D9002 : ignoring unknown option '-std=c++20'
[1,407 / 4,197] [Sched] Compiling absl/base/internal/thread_identity.cc; 54s ... (128 actions, 16 running)
[1,407 / 4,197] [Sched] Linking external/com_google_absl/absl/profiling/exponential_biased.lib [for tool]; 54s ... (128 actions, 17 running)
INFO: From Compiling src/idl_gen_text.cpp [for tool]:
cl : Command line warning D9002 : ignoring unknown option '-std=c++20'
[1,413 / 4,207] [Sched] Compiling src/runtime.c; 51s ... (128 actions, 16 running)
INFO: From Compiling absl/log/internal/globals.cc [for tool]:
cl : Command line warning D9002 : ignoring unknown option '-std=c++20'
[1,416 / 4,209] [Sched] Linking external/com_google_absl/absl/strings/cordz_handle.lib [for tool]; 52s ... (128 actions, 16 running)
[1,417 / 4,209] [Sched] Linking external/com_google_protobuf/src/google/protobuf/compiler/retention.lib [for tool]; 53s ... (128 actions, 16 running)
[1,418 / 4,209] [Sched] Linking external/com_google_absl/absl/status/status.lib [for tool]; 54s ... (128 actions, 16 running)
INFO: From Compiling src/google/protobuf/compiler/versions.cc [for tool]:
cl : Command line warning D9002 : ignoring unknown option '-std=c++20'
[1,424 / 4,211] [Sched] Compiling absl/debugging/internal/elf_mem_image.cc [for tool]; 52s ... (127 actions, 16 running)
INFO: From Compiling absl/debugging/internal/elf_mem_image.cc [for tool]:
cl : Command line warning D9002 : ignoring unknown option '-std=c++20'
[1,430 / 4,213] [Sched] Compiling src/google/protobuf/compiler/python/pyi_generator.cc [for tool]; 51s ... (128 actions, 17 running)
[1,431 / 4,213] [Sched] Compiling src/google/protobuf/compiler/python/pyi_generator.cc [for tool]; 52s ... (128 actions, 16 running)
[1,433 / 4,213] [Sched] Linking external/com_google_absl/absl/debugging/symbolize.lib [for tool]; 53s ... (127 actions, 17 running)
INFO: From Compiling absl/synchronization/mutex.cc [for tool]:
cl : Command line warning D9002 : ignoring unknown option '-std=c++20'
[1,434 / 4,213] [Sched] Linking external/com_google_absl/absl/debugging/symbolize.lib [for tool]; 54s ... (128 actions, 16 running)
INFO: From Compiling absl/strings/substitute.cc [for tool]:
cl : Command line warning D9002 : ignoring unknown option '-std=c++20'
[1,439 / 4,225] [Sched] Dexing external/maven/_dx/org_checkerframework_checker_compat_qual/processed_checker-compat-qual-2.5.3.jar_desugared.jar with applicable dexopts []; 53s ... (128 actions, 16 running)
INFO: From Compiling src/signalhandler.cc [for tool]:
cl : Command line warning D9002 : ignoring unknown option '-std=c++20'
cl : Command line warning D9002 : ignoring unknown option '-std=c++17'
INFO: From Compiling src/idl_parser.cpp [for tool]:
cl : Command line warning D9002 : ignoring unknown option '-std=c++20'
[1,443 / 4,225] [Sched] Linking external/com_google_absl/absl/crc/cpu_detect.lib [for tool]; 53s ... (128 actions, 16 running)
[1,444 / 4,225] [Sched] Linking external/com_google_absl/absl/base/malloc_internal.lib [for tool]; 53s ... (128 actions, 16 running)
INFO: From Compiling src/google/protobuf/compiler/java/names.cc [for tool]:
cl : Command line warning D9002 : ignoring unknown option '-std=c++20'
INFO: From Compiling absl/time/time.cc [for tool]:
cl : Command line warning D9002 : ignoring unknown option '-std=c++20'
[1,450 / 4,225] [Sched] Dexing external/maven/_dx/com_google_j2objc_j2objc_annotations/processed_j2objc-annotations-1.1.jar_desugared.jar with applicable dexopts []; 53s ... (128 actions, 16 running)
[1,451 / 4,225] [Sched] Compiling src/subgraph/argmax-pooling-2d.c; 54s ... (128 actions, 16 running)
[1,452 / 4,225] [Sched] Filtering AAR native libs by architecture for @maven//:androidx_camera_camera_core; 54s ... (128 actions, 16 running)
[1,455 / 4,225] [Sched] Creating compile jar for @maven//:com_google_auto_value_auto_value; 53s ... (128 actions, 17 running)
INFO: From Compiling absl/crc/internal/crc.cc [for tool]:
cl : Command line warning D9002 : ignoring unknown option '-std=c++20'
[1,461 / 4,225] [Sched] Extracting classes.jar and libs/*.jar from vectordrawable-1.1.0-rc01.aar; 53s ... (128 actions, 16 running)
[1,463 / 4,225] [Sched] Linking external/com_google_absl/absl/flags/config.lib [for tool]; 54s ... (128 actions, 16 running)
INFO: From Compiling absl/crc/internal/crc_memcpy_x86_arm_combined.cc [for tool]:
cl : Command line warning D9002 : ignoring unknown option '-std=c++20'
[1,466 / 4,225] [Sched] Compiling src/subgraph/average-pooling-2d.c; 54s ... (128 actions, 16 running)
[1,468 / 4,225] [Sched] Compiling src/bfbs_gen_nim.cpp [for tool]; 55s ... (128 actions, 16 running)
[1,469 / 4,225] [Sched] Linking external/com_google_absl/absl/log/initialize.lib [for tool]; 55s ... (128 actions, 16 running)
INFO: From Compiling src/flatc.cpp [for tool]:
cl : Command line warning D9002 : ignoring unknown option '-std=c++20'
[1,473 / 4,225] [Sched] Compiling src/google/protobuf/wire_format_lite.cc [for tool]; 55s ... (128 actions, 17 running)
INFO: From Compiling absl/strings/internal/str_format/output.cc [for tool]:
cl : Command line warning D9002 : ignoring unknown option '-std=c++20'
[1,475 / 4,225] [Sched] Linking external/com_google_absl/absl/flags/reflection.lib [for tool]; 54s ... (128 actions, 16 running)
[1,478 / 4,225] [Sched] Linking external/com_google_absl/absl/flags/program_name.lib [for tool]; 52s ... (128 actions, 17 running)
INFO: From Compiling absl/strings/internal/cord_rep_btree.cc [for tool]:
cl : Command line warning D9002 : ignoring unknown option '-std=c++20'
[1,480 / 4,225] [Sched] Compiling src/subgraph/batch-matrix-multiply.c; 51s ... (128 actions, 16 running)
[1,480 / 4,225] [Sched] Extracting proguard.txt from swiperefreshlayout-1.0.0.aar; 51s ... (128 actions, 17 running)
[1,486 / 4,225] [Sched] Filtering AAR native libs by architecture for @maven//:androidx_customview_customview; 51s ... (128 actions, 16 running)
INFO: From Compiling src/google/protobuf/compiler/python/pyi_generator.cc [for tool]:
cl : Command line warning D9002 : ignoring unknown option '-std=c++20'
[1,489 / 4,225] [Sched] Compiling src/subgraph/concatenate.c; 51s ... (128 actions, 16 running)
[1,491 / 4,225] [Sched] Linking external/com_google_absl/absl/hash/hash.lib [for tool]; 51s ... (128 actions, 16 running)
[1,494 / 4,225] [Sched] Filtering AAR native libs by architecture for @maven//:androidx_legacy_legacy_support_core_ui; 46s ... (128 actions, 16 running)
[1,496 / 4,225] [Sched] Compiling absl/strings/internal/utf8.cc [for tool]; 47s ... (128 actions, 16 running)
INFO: From Compiling absl/strings/internal/str_format/bind.cc [for tool]:
cl : Command line warning D9002 : ignoring unknown option '-std=c++20'
INFO: From Compiling grpc/src/compiler/ts_generator.cc [for tool]:
cl : Command line warning D9002 : ignoring unknown option '-std=c++20'
INFO: From Compiling src/google/protobuf/wire_format_lite.cc [for tool]:
cl : Command line warning D9002 : ignoring unknown option '-std=c++20'
external/com_google_protobuf/src/google/protobuf/wire_format_lite.cc(669): warning C4068: unknown pragma 'clang'
external/com_google_protobuf/src/google/protobuf/wire_format_lite.cc(711): warning C4068: unknown pragma 'clang'
[1,498 / 4,225] [Sched] Filtering AAR native libs by architecture for @maven//:androidx_coordinatorlayout_coordinatorlayout; 46s ... (128 actions, 17 running)
INFO: From Compiling absl/strings/internal/utf8.cc [for tool]:
cl : Command line warning D9002 : ignoring unknown option '-std=c++20'
[1,500 / 4,225] [Sched] Filtering AAR native libs by architecture for @maven//:androidx_cursoradapter_cursoradapter; 47s ... (128 actions, 16 running)
[1,500 / 4,225] [Sched] Compiling grpc/src/compiler/python_generator.cc [for tool]; 48s ... (128 actions, 17 running)
INFO: From Compiling src/bfbs_gen_nim.cpp [for tool]:
cl : Command line warning D9002 : ignoring unknown option '-std=c++20'
[1,501 / 4,225] [Sched] Compiling grpc/src/compiler/python_generator.cc [for tool]; 50s ... (128 actions, 16 running)
[1,501 / 4,225] [Sched] Compiling absl/synchronization/barrier.cc [for tool]; 50s ... (128 actions, 17 running)
[1,503 / 4,225] [Sched] Linking external/com_google_absl/absl/flags/private_handle_accessor.lib [for tool]; 51s ... (128 actions, 16 running)
INFO: From Compiling src/symbolize.cc [for tool]:
cl : Command line warning D9002 : ignoring unknown option '-std=c++20'
cl : Command line warning D9002 : ignoring unknown option '-std=c++17'
[1,506 / 4,225] [Sched] Extracting proguard.txt from legacy-support-v4-1.0.0.aar; 51s ... (128 actions, 16 running)
[1,507 / 4,225] [Sched] Compiling Android resources for @@maven//:androidx_arch_core_core_runtime; 50s ... (128 actions, 16 running)
[1,509 / 4,225] [Sched] Linking external/com_google_absl/absl/hash/city.lib [for tool]; 51s ... (128 actions, 16 running)
[1,509 / 4,225] [Sched] Compiling src/google/protobuf/compiler/python/generator.cc [for tool]; 52s ... (128 actions, 17 running)
INFO: From Compiling grpc/src/compiler/python_generator.cc [for tool]:
cl : Command line warning D9002 : ignoring unknown option '-std=c++20'
[1,515 / 4,225] [Sched] Linking static android resource library for @@maven//:androidx_localbroadcastmanager_localbroadcastmanager; 50s ... (128 actions, 16 running)
INFO: From Compiling absl/synchronization/barrier.cc [for tool]:
cl : Command line warning D9002 : ignoring unknown option '-std=c++20'
[1,517 / 4,225] [Sched] Compiling src/subgraph/deprecated.c; 51s ... (128 actions, 16 running)
[1,519 / 4,225] [Sched] Compiling Android resources for @@maven//:androidx_arch_core_core_runtime; 51s ... (128 actions, 16 running)
[1,520 / 4,225] [Sched] Linking external/com_google_protobuf/src/google/protobuf/compiler/java/internal_helpers.lib [for tool]; 52s ... (128 actions, 16 running)
[1,522 / 4,225] [Sched] Dexing external/maven/_dx/androidx_constraintlayout_constraintlayout_solver/processed_constraintlayout-solver-1.1.3.jar_desugared.jar with applicable dexopts []; 53s ... (128 actions, 16 running)
[1,523 / 4,225] [Sched] Compiling src/subgraph/depth-to-space-2d.c; 53s ... (128 actions, 16 running)
[1,523 / 4,225] [Sched] Compiling absl/strings/internal/cord_rep_btree_reader.cc [for tool]; 56s ... (128 actions, 17 running)
[1,524 / 4,225] [Sched] Compiling absl/strings/internal/cord_rep_btree_reader.cc [for tool]; 57s ... (128 actions, 16 running)
[1,525 / 4,225] [Sched] Compiling src/subgraph/depthwise-convolution-2d.c; 58s ... (128 actions, 16 running)
[1,526 / 4,225] [Sched] Compiling src/google/protobuf/arenastring.cc [for tool]; 57s ... (128 actions, 16 running)
INFO: From Compiling src/google/protobuf/json/internal/lexer.cc [for tool]:
cl : Command line warning D9002 : ignoring unknown option '-std=c++20'
[1,529 / 4,225] [Sched] Compiling absl/types/bad_optional_access.cc [for tool]; 57s ... (128 actions, 16 running)
[1,529 / 4,225] [Sched] Compiling Android resources for @@maven//:androidx_lifecycle_lifecycle_viewmodel; 57s ... (128 actions, 17 running)
[1,530 / 4,225] [Sched] Compiling absl/base/internal/unscaledcycleclock.cc [for tool]; 58s ... (128 actions, 17 running)
INFO: From Compiling absl/strings/internal/cord_rep_btree_reader.cc [for tool]:
cl : Command line warning D9002 : ignoring unknown option '-std=c++20'
INFO: From Compiling absl/strings/string_view.cc [for tool]:
cl : Command line warning D9002 : ignoring unknown option '-std=c++20'
INFO: From Compiling absl/types/bad_optional_access.cc [for tool]:
cl : Command line warning D9002 : ignoring unknown option '-std=c++20'
[1,533 / 4,225] [Sched] Compiling src/subgraph/fully-connected-sparse.c; 57s ... (128 actions, 17 running)
INFO: From Compiling absl/base/internal/unscaledcycleclock.cc [for tool]:
cl : Command line warning D9002 : ignoring unknown option '-std=c++20'
[1,542 / 4,225] [Sched] Compiling absl/numeric/int128.cc [for tool]; 55s ... (128 actions, 17 running)
INFO: From Compiling absl/base/internal/spinlock_wait.cc [for tool]:
cl : Command line warning D9002 : ignoring unknown option '-std=c++20'
[1,545 / 4,225] [Sched] Compiling absl/base/internal/sysinfo.cc; 56s ... (128 actions, 16 running)
[1,546 / 4,225] [Sched] Creating compile jar for @maven//:androidx_annotation_annotation; 57s ... (128 actions, 16 running)
INFO: From Compiling absl/base/internal/throw_delegate.cc [for tool]:
cl : Command line warning D9002 : ignoring unknown option '-std=c++20'
[1,547 / 4,225] [Sched] Compiling tensorflow/lite/delegates/gpu/gl/kernels/reshape.cc; 57s ... (128 actions, 16 running)
INFO: From Compiling absl/strings/internal/escaping.cc [for tool]:
cl : Command line warning D9002 : ignoring unknown option '-std=c++20'
[1,548 / 4,225] [Sched] Compiling src/google/protobuf/compiler/java/full/enum.cc [for tool]; 57s ... (128 actions, 16 running)
INFO: From Compiling src/google/protobuf/compiler/java/helpers.cc [for tool]:
cl : Command line warning D9002 : ignoring unknown option '-std=c++20'
INFO: From Compiling src/google/protobuf/arenastring.cc [for tool]:
cl : Command line warning D9002 : ignoring unknown option '-std=c++20'
INFO: From Compiling src/google/protobuf/compiler/python/generator.cc [for tool]:
cl : Command line warning D9002 : ignoring unknown option '-std=c++20'
[1,550 / 4,225] [Sched] Compiling absl/strings/str_split.cc [for tool]; 56s ... (128 actions, 18 running)
INFO: From Compiling absl/numeric/int128.cc [for tool]:
cl : Command line warning D9002 : ignoring unknown option '-std=c++20'
[1,553 / 4,225] [Sched] Compiling absl/time/internal/cctz/src/civil_time_detail.cc [for tool]; 57s ... (128 actions, 16 running)
[1,553 / 4,225] [Sched] Compiling src/subgraph/fully-connected.c; 58s ... (128 actions, 17 running)
INFO: From Compiling absl/time/internal/cctz/src/zone_info_source.cc [for tool]:
cl : Command line warning D9002 : ignoring unknown option '-std=c++20'
[1,554 / 4,225] [Sched] Extracting classes.jar and libs/*.jar from lifecycle-livedata-2.5.1.aar; 59s ... (128 actions, 17 running)
INFO: From Compiling absl/strings/str_split.cc [for tool]:
cl : Command line warning D9002 : ignoring unknown option '-std=c++20'
[1,560 / 4,225] [Sched] Compiling src/subgraph/max-pooling-2d.c; 58s ... (127 actions, 17 running)
INFO: From Compiling absl/synchronization/internal/win32_waiter.cc [for tool]:
cl : Command line warning D9002 : ignoring unknown option '-std=c++20'
[1,564 / 4,225] [Sched] Compiling tensorflow/lite/delegates/gpu/gl/compiler.cc; 59s ... (128 actions, 16 running)
INFO: From Compiling absl/time/internal/cctz/src/civil_time_detail.cc [for tool]:
cl : Command line warning D9002 : ignoring unknown option '-std=c++20'
[1,567 / 4,225] [Sched] Merging AAR embedded jars for @maven//:androidx_tracing_tracing; 57s ... (128 actions, 17 running)
[1,569 / 4,225] [Sched] Compiling src/annotated_binary_text_gen.cpp [for tool]; 58s ... (128 actions, 17 running)
INFO: From Compiling src/google/protobuf/compiler/importer.cc [for tool]:
cl : Command line warning D9002 : ignoring unknown option '-std=c++20'
[1,571 / 4,225] [Sched] Dexing external/maven/_dx/com_google_flogger_flogger_system_backend/processed_flogger-system-backend-0.6.jar_desugared.jar with applicable dexopts []; 59s ... (128 actions, 16 running)
INFO: From Compiling src/google/protobuf/compiler/java/field_common.cc [for tool]:
cl : Command line warning D9002 : ignoring unknown option '-std=c++20'
INFO: From Compiling src/google/protobuf/compiler/csharp/csharp_repeated_primitive_field.cc [for tool]:
cl : Command line warning D9002 : ignoring unknown option '-std=c++20'
[1,575 / 4,225] [Sched] Compiling tensorflow/lite/delegates/gpu/gl/kernels/mean.cc; 58s ... (128 actions, 17 running)
[1,578 / 4,225] [Sched] Linking external/com_google_absl/absl/crc/crc32c.lib [for tool]; 59s ... (128 actions, 16 running)
[1,578 / 4,225] [Sched] Extracting proguard.txt from appcompat-resources-1.1.0-rc01.aar; 60s ... (128 actions, 17 running)
INFO: From Compiling absl/time/format.cc [for tool]:
cl : Command line warning D9002 : ignoring unknown option '-std=c++20'
[1,581 / 4,225] [Sched] Compiling external/XNNPACK/src/build_identifier.c; 61s ... (128 actions, 16 running)
[1,581 / 4,225] [Sched] Compiling src/subgraph/rope.c; 62s ... (128 actions, 17 running)
[1,582 / 4,225] [Sched] Compiling src/subgraph/rope.c; 63s ... (128 actions, 16 running)
INFO: From Compiling src/google/protobuf/compiler/java/full/enum.cc [for tool]:
cl : Command line warning D9002 : ignoring unknown option '-std=c++20'
[1,583 / 4,225] [Sched] Dexing external/maven/_dx/com_google_guava_listenablefuture/processed_listenablefuture-1.0.jar_desugared.jar with applicable dexopts []; 64s ... (128 actions, 16 running)
INFO: From Compiling src/google/protobuf/compiler/subprocess.cc [for tool]:
cl : Command line warning D9002 : ignoring unknown option '-std=c++20'
[1,587 / 4,225] [Sched] Compiling absl/strings/internal/str_format/float_conversion.cc [for tool]; 63s ... (128 actions, 16 running)
INFO: From Compiling src/annotated_binary_text_gen.cpp [for tool]:
cl : Command line warning D9002 : ignoring unknown option '-std=c++20'
[1,589 / 4,225] [Sched] Compiling src/google/protobuf/compiler/csharp/csharp_wrapper_field.cc [for tool]; 63s ... (128 actions, 17 running)
[1,590 / 4,225] [Sched] Compiling src/google/protobuf/compiler/csharp/csharp_wrapper_field.cc [for tool]; 64s ... (128 actions, 16 running)
INFO: From Compiling src/google/protobuf/compiler/csharp/names.cc [for tool]:
cl : Command line warning D9002 : ignoring unknown option '-std=c++20'
[1,592 / 4,225] [Sched] Compiling tensorflow/lite/delegates/gpu/gl/kernels/depthwise_conv.cc; 64s ... (128 actions, 16 running)
INFO: From Compiling src/google/protobuf/compiler/java/name_resolver.cc [for tool]:
cl : Command line warning D9002 : ignoring unknown option '-std=c++20'
INFO: From Compiling src/bfbs_gen_lua.cpp [for tool]:
cl : Command line warning D9002 : ignoring unknown option '-std=c++20'
[1,593 / 4,225] [Sched] Compiling grpc/src/compiler/java_generator.cc [for tool]; 63s ... (128 actions, 17 running)
INFO: From Compiling absl/base/internal/cycleclock.cc [for tool]:
cl : Command line warning D9002 : ignoring unknown option '-std=c++20'
[1,598 / 4,225] [Sched] Compiling src/subgraph/static-constant-pad.c; 63s ... (128 actions, 16 running)
INFO: From Compiling absl/base/internal/spinlock.cc [for tool]:
cl : Command line warning D9002 : ignoring unknown option '-std=c++20'
INFO: From Compiling absl/strings/internal/str_format/float_conversion.cc [for tool]:
cl : Command line warning D9002 : ignoring unknown option '-std=c++20'
[1,602 / 4,225] [Sched] Compiling src/subgraph/static-reduce.c; 63s ... (128 actions, 16 running)
[1,604 / 4,225] [Sched] Extracting proguard.txt from vectordrawable-animated-1.1.0-rc01.aar; 62s ... (128 actions, 17 running)
INFO: From Compiling absl/strings/internal/cord_rep_btree_navigator.cc [for tool]:
cl : Command line warning D9002 : ignoring unknown option '-std=c++20'
[1,606 / 4,225] [Sched] Extracting AAR Resources for @maven//:androidx_legacy_legacy_support_core_utils; 63s ... (128 actions, 16 running)
[1,607 / 4,225] [Sched] Compiling src/subgraph/static-slice.c; 63s ... (128 actions, 16 running)
[1,607 / 4,225] [Sched] Compiling src/subgraph/static-transpose.c; 66s ... (128 actions, 17 running)
[1,609 / 4,225] [Sched] Compiling src/subgraph/subgraph-utils.c; 67s ... (128 actions, 16 running)
INFO: From Compiling grpc/src/compiler/java_generator.cc [for tool]:
cl : Command line warning D9002 : ignoring unknown option '-std=c++20'
[1,612 / 4,225] [Sched] Compiling src/google/protobuf/repeated_ptr_field.cc [for tool]; 66s ... (128 actions, 16 running)
[1,614 / 4,225] [Sched] Extracting AAR Resources for @maven//:androidx_viewpager_viewpager; 65s ... (128 actions, 16 running)
[1,615 / 4,225] [Sched] Extracting proguard.txt from camera-lifecycle-1.0.0-beta10.aar; 63s ... (128 actions, 16 running)
INFO: From Compiling src/google/protobuf/compiler/csharp/csharp_wrapper_field.cc [for tool]:
cl : Command line warning D9002 : ignoring unknown option '-std=c++20'
[1,616 / 4,225] [Sched] Extracting proguard.txt from vectordrawable-1.1.0-rc01.aar; 64s ... (128 actions, 16 running)
INFO: From Compiling absl/strings/internal/ostringstream.cc [for tool]:
cl : Command line warning D9002 : ignoring unknown option '-std=c++20'
INFO: From Compiling absl/strings/internal/str_format/extension.cc [for tool]:
cl : Command line warning D9002 : ignoring unknown option '-std=c++20'
[1,619 / 4,225] [Sched] Linking external/com_github_glog_glog_windows/glog.lib [for tool]; 64s ... (128 actions, 16 running)
INFO: From Compiling src/google/protobuf/compiler/java/message_serialization.cc [for tool]:
cl : Command line warning D9002 : ignoring unknown option '-std=c++20'
INFO: From Compiling src/google/protobuf/wire_format.cc [for tool]:
cl : Command line warning D9002 : ignoring unknown option '-std=c++20'
[1,622 / 4,225] [Sched] Filtering AAR native libs by architecture for @maven//:androidx_camera_camera_camera2; 63s ... (128 actions, 16 running)
[1,627 / 4,225] [Sched] Compiling src/google/protobuf/unknown_field_set.cc [for tool]; 62s ... (128 actions, 16 running)
[1,627 / 4,225] [Sched] Compiling src/google/protobuf/unknown_field_set.cc [for tool]; 63s ... (128 actions, 16 running)
[1,628 / 4,225] [Sched] Compiling src/google/protobuf/compiler/rust/context.cc [for tool]; 64s ... (128 actions, 16 running)
INFO: From Compiling src/google/protobuf/repeated_ptr_field.cc [for tool]:
cl : Command line warning D9002 : ignoring unknown option '-std=c++20'
[1,629 / 4,225] [Sched] Compiling tensorflow/lite/delegates/gpu/gl/kernels/relu.cc; 64s ... (128 actions, 16 running)
[1,630 / 4,225] [Sched] Compiling absl/synchronization/blocking_counter.cc [for tool]; 65s ... (128 actions, 16 running)
[1,630 / 4,225] [Sched] Extracting AAR Resources for @maven//:androidx_swiperefreshlayout_swiperefreshlayout; 66s ... (128 actions, 17 running)
INFO: From Compiling src/google/protobuf/compiler/java/full/primitive_field.cc [for tool]:
cl : Command line warning D9002 : ignoring unknown option '-std=c++20'
[1,632 / 4,225] [Sched] Compiling src/subgraph/unpooling-2d.c; 66s ... (128 actions, 16 running)
INFO: From Compiling src/google/protobuf/compiler/cpp/helpers.cc [for tool]:
cl : Command line warning D9002 : ignoring unknown option '-std=c++20'
[1,635 / 4,225] [Sched] Compiling src/google/protobuf/repeated_field.cc [for tool]; 66s ... (128 actions, 16 running)
[1,636 / 4,225] [Sched] Extracting proguard.txt from camera-core-1.0.0-beta10.aar; 66s ... (128 actions, 16 running)
[1,636 / 4,225] [Sched] Extracting proguard.txt from exifinterface-1.3.3.aar; 66s ... (128 actions, 17 running)
INFO: From Compiling absl/synchronization/blocking_counter.cc [for tool]:
cl : Command line warning D9002 : ignoring unknown option '-std=c++20'
INFO: From Compiling src/google/protobuf/compiler/cpp/namespace_printer.cc [for tool]:
cl : Command line warning D9002 : ignoring unknown option '-std=c++20'
[1,639 / 4,225] [Sched] Compiling src/subgraph/validation.c; 65s ... (128 actions, 16 running)
INFO: From Compiling src/google/protobuf/unknown_field_set.cc [for tool]:
cl : Command line warning D9002 : ignoring unknown option '-std=c++20'
[1,642 / 4,225] [Sched] Compiling src/operator-delete.c; 63s ... (128 actions, 17 running)
[1,645 / 4,225] [Sched] Linking external/com_google_absl/absl/strings/string_view.lib [for tool]; 63s ... (128 actions, 16 running)
[1,647 / 4,225] [Sched] Compiling absl/base/internal/thread_identity.cc [for tool]; 63s ... (128 actions, 16 running)
INFO: From Compiling src/google/protobuf/repeated_field.cc [for tool]:
cl : Command line warning D9002 : ignoring unknown option '-std=c++20'
[1,652 / 4,225] [Sched] Parsing Android resources for @@maven//:androidx_lifecycle_lifecycle_livedata; 63s ... (128 actions, 16 running)
[1,654 / 4,225] [Sched] Compiling src/operator-run.c; 64s ... (128 actions, 16 running)
INFO: From Compiling src/google/protobuf/compiler/rust/context.cc [for tool]:
cl : Command line warning D9002 : ignoring unknown option '-std=c++20'
[1,655 / 4,225] [Sched] Filtering AAR native libs by architecture for @maven//:androidx_media_media; 65s ... (128 actions, 16 running)
INFO: From Compiling absl/base/internal/thread_identity.cc [for tool]:
cl : Command line warning D9002 : ignoring unknown option '-std=c++20'
[1,657 / 4,225] [Sched] Compiling absl/time/civil_time.cc [for tool]; 65s ... (128 actions, 16 running)
[1,658 / 4,225] [Sched] Filtering AAR native libs by architecture for @maven//:androidx_appcompat_appcompat; 65s ... (128 actions, 16 running)
[1,659 / 4,225] [Sched] Linking external/com_google_absl/absl/base/throw_delegate.lib [for tool]; 65s ... (128 actions, 16 running)
[1,659 / 4,225] [Sched] Compiling src/google/protobuf/compiler/java/full/service.cc [for tool]; 65s ... (128 actions, 17 running)
[1,664 / 4,225] [Sched] Desugaring external/maven/v1/https/maven.google.com/androidx/annotation/annotation/1.1.0/processed_annotation-1.1.0.jar for Android; 65s ... (128 actions, 17 running)
INFO: From Compiling src/google/protobuf/arenaz_sampler.cc [for tool]:
cl : Command line warning D9002 : ignoring unknown option '-std=c++20'
INFO: From Compiling src/google/protobuf/raw_ptr.cc [for tool]:
cl : Command line warning D9002 : ignoring unknown option '-std=c++20'
[1,670 / 4,225] [Sched] Compiling absl/strings/str_replace.cc [for tool]; 62s ... (128 actions, 16 running)
INFO: From Compiling absl/time/civil_time.cc [for tool]:
cl : Command line warning D9002 : ignoring unknown option '-std=c++20'
[1,671 / 4,225] [Sched] Compiling absl/base/internal/spinlock.cc; 63s ... (128 actions, 16 running)
INFO: From Compiling absl/time/internal/cctz/src/time_zone_posix.cc [for tool]:
cl : Command line warning D9002 : ignoring unknown option '-std=c++20'
[1,674 / 4,225] [Sched] Dexing external/maven/_dx/com_google_auto_value_auto_value_annotations/processed_auto-value-annotations-1.8.1.jar_desugared.jar with applicable dexopts []; 64s ... (128 actions, 16 running)
[1,675 / 4,225] [Sched] Compiling src/google/protobuf/parse_context.cc [for tool]; 64s ... (128 actions, 16 running)
INFO: From Compiling absl/strings/str_replace.cc [for tool]:
cl : Command line warning D9002 : ignoring unknown option '-std=c++20'
[1,676 / 4,225] [Sched] Merging AAR embedded jars for @maven//:androidx_print_print; 65s ... (128 actions, 16 running)
[1,677 / 4,225] [Sched] Linking external/com_google_absl/absl/time/internal/cctz/civil_time.lib [for tool]; 66s ... (128 actions, 17 running)
[1,680 / 4,225] [Sched] Compiling src/operators/batch-matrix-multiply-nc.c; 66s ... (128 actions, 16 running)
INFO: From Compiling absl/time/clock.cc [for tool]:
cl : Command line warning D9002 : ignoring unknown option '-std=c++20'
[1,682 / 4,225] [Sched] Compiling src/operators/binary-elementwise-nd.c; 66s ... (128 actions, 16 running)
[1,682 / 4,225] [Sched] Extracting classes.jar and libs/*.jar from drawerlayout-1.0.0.aar; 67s ... (128 actions, 17 running)
[1,683 / 4,225] [Sched] Compiling src/google/protobuf/compiler/parser.cc [for tool]; 68s ... (128 actions, 17 running)
INFO: From Compiling src/google/protobuf/compiler/php/php_generator.cc [for tool]:
cl : Command line warning D9002 : ignoring unknown option '-std=c++20'
[1,686 / 4,225] [Sched] Linking external/com_google_protobuf/src/google/protobuf/compiler/java/generator_common.lib [for tool]; 68s ... (128 actions, 16 running)
INFO: From Compiling src/google/protobuf/text_format.cc [for tool]:
cl : Command line warning D9002 : ignoring unknown option '-std=c++20'
[1,690 / 4,225] [Sched] Linking static android resource library for @@maven//:androidx_lifecycle_lifecycle_viewmodel; 68s ... (128 actions, 16 running)
INFO: From Compiling absl/synchronization/internal/waiter_base.cc [for tool]:
cl : Command line warning D9002 : ignoring unknown option '-std=c++20'
[1,692 / 4,225] [Sched] Compiling src/google/protobuf/compiler/java/lite/extension.cc [for tool]; 66s ... (128 actions, 16 running)
[1,692 / 4,225] [Sched] Building mediapipe/java/com/google/mediapipe/framework/libmediapipe_exception_android.jar (1 source file); 67s ... (128 actions, 17 running)
INFO: From Compiling src/google/protobuf/parse_context.cc [for tool]:
cl : Command line warning D9002 : ignoring unknown option '-std=c++20'
INFO: From Compiling absl/strings/ascii.cc [for tool]:
cl : Command line warning D9002 : ignoring unknown option '-std=c++20'
INFO: From Compiling src/google/protobuf/compiler/java/full/service.cc [for tool]:
cl : Command line warning D9002 : ignoring unknown option '-std=c++20'
INFO: From Building mediapipe/java/com/google/mediapipe/framework/libmediapipe_exception_android.jar (1 source file):
warning: [options] source value 8 is obsolete and will be removed in a future release
warning: [options] target value 8 is obsolete and will be removed in a future release
warning: [options] To suppress warnings about obsolete options, use -Xlint:-options.
[1,696 / 4,225] [Sched] Compiling tensorflow/lite/delegates/gpu/gl/kernels/prelu.cc; 63s ... (128 actions, 17 running)
INFO: From Compiling src/google/protobuf/compiler/php/names.cc [for tool]:
cl : Command line warning D9002 : ignoring unknown option '-std=c++20'
[1,699 / 4,225] [Sched] Compiling src/operators/convolution-nhwc.c; 63s ... (128 actions, 17 running)
[1,700 / 4,225] [Sched] Compiling src/google/protobuf/service.cc [for tool]; 64s ... (128 actions, 17 running)
[1,701 / 4,225] [Sched] Compiling absl/strings/charconv.cc [for tool]; 65s ... (128 actions, 17 running)
INFO: From Compiling absl/time/duration.cc [for tool]:
cl : Command line warning D9002 : ignoring unknown option '-std=c++20'
[1,704 / 4,225] [Sched] Compiling grpc/src/compiler/cpp_generator.cc [for tool]; 64s ... (128 actions, 16 running)
[1,710 / 4,225] [Sched] Compiling tensorflow/lite/delegates/gpu/gl/kernels/pooling.cc; 63s ... (128 actions, 16 running)
[1,711 / 4,225] [Sched] Merging compiled Android resources for @@maven//:androidx_lifecycle_lifecycle_livedata; 64s ... (128 actions, 16 running)
[1,711 / 4,225] [Sched] Desugaring external/maven/v1/https/maven.google.com/androidx/collection/collection/1.1.0/processed_collection-1.1.0.jar for Android; 65s ... (128 actions, 17 running)
INFO: From Compiling absl/strings/charconv.cc [for tool]:
cl : Command line warning D9002 : ignoring unknown option '-std=c++20'
INFO: From Compiling src/google/protobuf/service.cc [for tool]:
cl : Command line warning D9002 : ignoring unknown option '-std=c++20'
[1,714 / 4,225] [Sched] Compiling tensorflow/lite/delegates/gpu/gl/kernels/pad.cc; 66s ... (128 actions, 16 running)
[1,714 / 4,225] [Sched] Compiling src/operators/dynamic-fully-connected-nc.c; 68s ... (128 actions, 17 running)
INFO: From Compiling src/google/protobuf/compiler/csharp/csharp_source_generator_base.cc [for tool]:
cl : Command line warning D9002 : ignoring unknown option '-std=c++20'
INFO: From Compiling absl/base/internal/sysinfo.cc [for tool]:
cl : Command line warning D9002 : ignoring unknown option '-std=c++20'
[1,717 / 4,225] [Sched] Compiling src/operators/fully-connected-nc.c; 68s ... (128 actions, 16 running)
INFO: From Compiling grpc/src/compiler/cpp_generator.cc [for tool]:
cl : Command line warning D9002 : ignoring unknown option '-std=c++20'
[1,720 / 4,225] [Sched] Merging AAR embedded jars for @maven//:androidx_camera_camera_lifecycle; 64s ... (128 actions, 16 running)
INFO: From Compiling src/google/protobuf/compiler/java/lite/extension.cc [for tool]:
cl : Command line warning D9002 : ignoring unknown option '-std=c++20'
INFO: From Compiling src/google/protobuf/compiler/parser.cc [for tool]:
cl : Command line warning D9002 : ignoring unknown option '-std=c++20'
[1,728 / 4,225] [Sched] Compiling src/google/protobuf/compiler/csharp/csharp_doc_comment.cc [for tool]; 60s ... (128 actions, 16 running)
[1,737 / 4,225] [Sched] Compiling src/operators/resize-bilinear-nhwc.c; 59s ... (128 actions, 16 running)
[1,737 / 4,225] [Sched] Desugaring external/maven/_aar/androidx_versionedparcelable_versionedparcelable/classes_and_libs_merged.jar for Android; 61s ... (128 actions, 17 running)
[1,739 / 4,225] [Sched] Extracting classes.jar and libs/*.jar from vectordrawable-animated-1.1.0-rc01.aar; 62s ... (128 actions, 17 running)
[1,740 / 4,225] [Sched] Extracting classes.jar and libs/*.jar from vectordrawable-animated-1.1.0-rc01.aar; 63s ... (128 actions, 16 running)
[1,740 / 4,225] [Sched] Linking static android resource library for @@maven//:androidx_lifecycle_lifecycle_livedata_core; 64s ... (128 actions, 17 running)
INFO: From Compiling grpc/src/compiler/go_generator.cc [for tool]:
cl : Command line warning D9002 : ignoring unknown option '-std=c++20'
INFO: From Compiling src/google/protobuf/compiler/java/full/string_field.cc [for tool]:
cl : Command line warning D9002 : ignoring unknown option '-std=c++20'
[1,742 / 4,225] [Sched] Compiling src/google/protobuf/map.cc [for tool]; 63s ... (128 actions, 16 running)
[1,742 / 4,225] [Sched] Compiling src/google/protobuf/map.cc [for tool]; 64s ... (128 actions, 16 running)
[1,743 / 4,225] [Sched] Desugaring external/maven/v1/https/maven.google.com/androidx/lifecycle/lifecycle-common/2.3.1/processed_lifecycle-common-2.3.1.jar for Android; 64s ... (128 actions, 16 running)
[1,743 / 4,225] [Sched] Compiling src/google/protobuf/compiler/java/full/message_field.cc [for tool]; 63s ... (128 actions, 17 running)
INFO: From Compiling src/google/protobuf/message_lite.cc [for tool]:
cl : Command line warning D9002 : ignoring unknown option '-std=c++20'
[1,748 / 4,225] [Sched] Compiling src/google/protobuf/compiler/zip_writer.cc [for tool]; 62s ... (128 actions, 17 running)
INFO: From Compiling src/google/protobuf/compiler/command_line_interface.cc [for tool]:
cl : Command line warning D9002 : ignoring unknown option '-std=c++20'
INFO: From Compiling src/google/protobuf/reflection_ops.cc [for tool]:
cl : Command line warning D9002 : ignoring unknown option '-std=c++20'
INFO: From Compiling src/google/protobuf/compiler/csharp/csharp_doc_comment.cc [for tool]:
cl : Command line warning D9002 : ignoring unknown option '-std=c++20'
[1,756 / 4,225] [Sched] Compiling src/google/protobuf/util/field_comparator.cc [for tool]; 57s ... (128 actions, 17 running)
INFO: From Compiling src/google/protobuf/reflection_mode.cc [for tool]:
cl : Command line warning D9002 : ignoring unknown option '-std=c++20'
[1,759 / 4,225] [Sched] Compiling src/operators/transpose-nd.c; 57s ... (128 actions, 16 running)
[1,760 / 4,225] [Sched] Linking static android resource library for @@maven//:androidx_arch_core_core_runtime; 58s ... (128 actions, 16 running)
[1,760 / 4,225] [Sched] Compiling absl/strings/escaping.cc [for tool]; 58s ... (128 actions, 17 running)
[1,762 / 4,225] [Sched] Desugaring external/maven/v1/https/maven.google.com/androidx/concurrent/concurrent-futures/1.0.0-alpha03/processed_concurrent-futures-1.0.0-alpha03.jar for Android; 59s ... (128 actions, 17 running)
INFO: From Compiling absl/synchronization/internal/create_thread_identity.cc [for tool]:
cl : Command line warning D9002 : ignoring unknown option '-std=c++20'
[1,763 / 4,225] [Sched] Compiling tensorflow/lite/delegates/gpu/gl/kernels/lstm.cc; 60s ... (128 actions, 17 running)
INFO: From Compiling src/google/protobuf/compiler/zip_writer.cc [for tool]:
cl : Command line warning D9002 : ignoring unknown option '-std=c++20'
INFO: From Compiling src/google/protobuf/map.cc [for tool]:
cl : Command line warning D9002 : ignoring unknown option '-std=c++20'
[1,767 / 4,225] [Sched] Desugaring external/maven/v1/https/maven.google.com/androidx/arch/core/core-common/2.1.0/processed_core-common-2.1.0.jar for Android; 60s ... (128 actions, 16 running)
INFO: From Compiling src/google/protobuf/compiler/objectivec/line_consumer.cc [for tool]:
cl : Command line warning D9002 : ignoring unknown option '-std=c++20'
[1,770 / 4,225] [Sched] Compiling absl/strings/internal/charconv_bigint.cc [for tool]; 59s ... (128 actions, 16 running)
[1,771 / 4,225] [Sched] Compiling absl/synchronization/internal/futex_waiter.cc [for tool]; 60s ... (128 actions, 16 running)
[1,771 / 4,225] [Sched] Compiling Android resources for @@maven//:androidx_viewpager_viewpager; 60s ... (128 actions, 17 running)
INFO: From Compiling absl/strings/escaping.cc [for tool]:
cl : Command line warning D9002 : ignoring unknown option '-std=c++20'
[1,773 / 4,225] [Sched] Compiling absl/time/internal/cctz/src/time_zone_fixed.cc [for tool]; 59s ... (128 actions, 16 running)
[1,773 / 4,225] [Sched] Compiling src/google/protobuf/compiler/java/lite/extension.cc [for tool]; 64s ... (128 actions, 17 running)
INFO: From Compiling absl/strings/internal/charconv_bigint.cc [for tool]:
cl : Command line warning D9002 : ignoring unknown option '-std=c++20'
[1,777 / 4,225] [Sched] Compiling src/google/protobuf/message.cc [for tool]; 64s ... (128 actions, 16 running)
INFO: From Compiling src/google/protobuf/compiler/csharp/csharp_enum.cc [for tool]:
cl : Command line warning D9002 : ignoring unknown option '-std=c++20'
INFO: From Compiling src/google/protobuf/inlined_string_field.cc [for tool]:
cl : Command line warning D9002 : ignoring unknown option '-std=c++20'
INFO: From Compiling src/google/protobuf/util/field_comparator.cc [for tool]:
cl : Command line warning D9002 : ignoring unknown option '-std=c++20'
[1,780 / 4,225] [Sched] Compiling src/google/protobuf/implicit_weak_message.cc [for tool]; 65s ... (128 actions, 16 running)
INFO: From Compiling src/google/protobuf/compiler/java/full/message_field.cc [for tool]:
cl : Command line warning D9002 : ignoring unknown option '-std=c++20'
[1,781 / 4,225] [Sched] Compiling src/google/protobuf/compiler/java/lite/string_field.cc [for tool]; 66s ... (128 actions, 16 running)
[1,782 / 4,225] [Sched] Dexing external/maven/_dx/androidx_annotation_annotation/processed_annotation-1.1.0.jar_desugared.jar with applicable dexopts []; 66s ... (128 actions, 16 running)
[1,785 / 4,225] [Sched] Compiling absl/time/internal/cctz/src/time_zone_lookup.cc [for tool]; 65s ... (128 actions, 16 running)
[1,785 / 4,225] [Sched] Extracting AAR Resources for @maven//:androidx_interpolator_interpolator; 67s ... (128 actions, 17 running)
INFO: From Compiling absl/synchronization/internal/futex_waiter.cc [for tool]:
cl : Command line warning D9002 : ignoring unknown option '-std=c++20'
[1,790 / 4,225] [Sched] Compiling src/google/protobuf/compiler/code_generator.cc [for tool]; 65s ... (128 actions, 17 running)
INFO: From Compiling src/google/protobuf/compiler/plugin.pb.cc [for tool]:
cl : Command line warning D9002 : ignoring unknown option '-std=c++20'
[1,793 / 4,225] [Sched] Compiling src/cache.c; 64s ... (128 actions, 17 running)
INFO: From Compiling absl/time/internal/cctz/src/time_zone_fixed.cc [for tool]:
cl : Command line warning D9002 : ignoring unknown option '-std=c++20'
[1,794 / 4,225] [Sched] Compiling src/cache.c; 65s ... (128 actions, 16 running)
[1,794 / 4,225] [Sched] Compiling absl/base/internal/cycleclock.cc; 68s ... (128 actions, 17 running)
INFO: From Compiling absl/strings/str_cat.cc [for tool]:
cl : Command line warning D9002 : ignoring unknown option '-std=c++20'
INFO: From Compiling src/google/protobuf/implicit_weak_message.cc [for tool]:
cl : Command line warning D9002 : ignoring unknown option '-std=c++20'
[1,796 / 4,225] [Sched] Compiling src/memory.c; 68s ... (128 actions, 16 running)
INFO: From Compiling src/google/protobuf/compiler/cpp/message.cc [for tool]:
cl : Command line warning D9002 : ignoring unknown option '-std=c++20'
[1,798 / 4,225] [Sched] Compiling src/mutex.c; 69s ... (128 actions, 16 running)
INFO: From Compiling src/google/protobuf/compiler/plugin.cc [for tool]:
cl : Command line warning D9002 : ignoring unknown option '-std=c++20'
[1,799 / 4,225] [Sched] Compiling src/google/protobuf/map_field.cc [for tool]; 69s ... (128 actions, 16 running)
[1,799 / 4,225] [Sched] Parsing Android resources for @@maven//:androidx_loader_loader; 70s ... (128 actions, 17 running)
INFO: From Compiling src/google/protobuf/message.cc [for tool]:
cl : Command line warning D9002 : ignoring unknown option '-std=c++20'
INFO: From Compiling src/google/protobuf/extension_set.cc [for tool]:
cl : Command line warning D9002 : ignoring unknown option '-std=c++20'
[1,802 / 4,225] [Sched] Compiling absl/synchronization/internal/stdcpp_waiter.cc [for tool]; 71s ... (128 actions, 17 running)
INFO: From Compiling src/google/protobuf/compiler/java/lite/extension.cc [for tool]:
cl : Command line warning D9002 : ignoring unknown option '-std=c++20'
INFO: From Compiling src/google/protobuf/compiler/java/lite/string_field.cc [for tool]:
cl : Command line warning D9002 : ignoring unknown option '-std=c++20'
[1,804 / 4,225] [Sched] Compiling src/google/protobuf/compiler/java/kotlin_generator.cc [for tool]; 71s ... (128 actions, 16 running)
INFO: From Compiling src/google/protobuf/compiler/objectivec/message_field.cc [for tool]:
cl : Command line warning D9002 : ignoring unknown option '-std=c++20'
[1,808 / 4,225] [Sched] Desugaring mediapipe/java/com/google/mediapipe/framework/libmediapipe_exception_android.jar for Android; 70s ... (128 actions, 16 running)
INFO: From Compiling src/google/protobuf/compiler/java/full/message.cc [for tool]:
cl : Command line warning D9002 : ignoring unknown option '-std=c++20'
[1,811 / 4,225] [Sched] Extracting AAR Resources for @maven//:androidx_customview_customview; 70s ... (128 actions, 16 running)
INFO: From Compiling src/google/protobuf/compiler/code_generator.cc [for tool]:
cl : Command line warning D9002 : ignoring unknown option '-std=c++20'
[1,815 / 4,225] [Sched] Compiling src/operator-utils.c; 68s ... (128 actions, 16 running)
INFO: From Compiling absl/time/internal/cctz/src/time_zone_lookup.cc [for tool]:
cl : Command line warning D9002 : ignoring unknown option '-std=c++20'
INFO: From Compiling src/google/protobuf/compiler/ruby/ruby_generator.cc [for tool]:
cl : Command line warning D9002 : ignoring unknown option '-std=c++20'
[1,823 / 4,225] [Sched] Extracting classes.jar and libs/*.jar from appcompat-resources-1.1.0-rc01.aar; 67s ... (128 actions, 16 running)
INFO: From Compiling absl/strings/internal/charconv_parse.cc [for tool]:
cl : Command line warning D9002 : ignoring unknown option '-std=c++20'
[1,824 / 4,225] [Sched] Compiling absl/strings/internal/damerau_levenshtein_distance.cc [for tool]; 66s ... (128 actions, 16 running)
[1,825 / 4,225] [Sched] Compiling src/google/protobuf/generated_message_tctable_gen.cc [for tool]; 67s ... (128 actions, 16 running)
INFO: From Compiling absl/synchronization/internal/per_thread_sem.cc [for tool]:
cl : Command line warning D9002 : ignoring unknown option '-std=c++20'
INFO: From Compiling absl/synchronization/internal/stdcpp_waiter.cc [for tool]:
cl : Command line warning D9002 : ignoring unknown option '-std=c++20'
[1,827 / 4,225] [Sched] Compiling src/google/protobuf/compiler/csharp/csharp_repeated_message_field.cc [for tool]; 65s ... (128 actions, 16 running)
[1,827 / 4,225] [Sched] Linking external/com_google_absl/absl/base/base.lib [for tool]; 66s ... (128 actions, 17 running)
INFO: From Compiling absl/strings/internal/damerau_levenshtein_distance.cc [for tool]:
cl : Command line warning D9002 : ignoring unknown option '-std=c++20'
INFO: From Compiling absl/time/internal/cctz/src/time_zone_format.cc [for tool]:
cl : Command line warning D9002 : ignoring unknown option '-std=c++20'
[1,829 / 4,225] [Sched] Linking static android resource library for @@maven//:androidx_lifecycle_lifecycle_livedata; 66s ... (128 actions, 17 running)
[1,830 / 4,225] [Sched] Linking static android resource library for @@maven//:androidx_lifecycle_lifecycle_livedata; 67s ... (128 actions, 16 running)
[1,830 / 4,225] [Sched] Compiling src/google/protobuf/compiler/java/lite/message_field.cc [for tool]; 69s ... (128 actions, 17 running)
INFO: From Compiling src/google/protobuf/generated_message_util.cc [for tool]:
cl : Command line warning D9002 : ignoring unknown option '-std=c++20'
[1,831 / 4,225] [Sched] Compiling src/google/protobuf/compiler/java/lite/message_field.cc [for tool]; 71s ... (128 actions, 16 running)
INFO: From Compiling src/google/protobuf/map_field.cc [for tool]:
cl : Command line warning D9002 : ignoring unknown option '-std=c++20'
[1,833 / 4,225] [Sched] Compiling src/google/protobuf/compiler/java/lite/enum_field.cc [for tool]; 71s ... (127 actions, 16 running)
INFO: From Compiling src/google/protobuf/compiler/java/kotlin_generator.cc [for tool]:
cl : Command line warning D9002 : ignoring unknown option '-std=c++20'
[1,835 / 4,225] [Sched] Linking external/com_google_protobuf/src/google/protobuf/compiler/importer.lib [for tool]; 72s ... (128 actions, 16 running)
[1,837 / 4,225] [Sched] Compiling src/reference/binary-elementwise.cc; 73s ... (128 actions, 16 running)
INFO: From Compiling src/google/protobuf/compiler/csharp/csharp_enum_field.cc [for tool]:
cl : Command line warning D9002 : ignoring unknown option '-std=c++20'
INFO: From Compiling src/google/protobuf/compiler/java/full/make_field_gens.cc [for tool]:
cl : Command line warning D9002 : ignoring unknown option '-std=c++20'
[1,840 / 4,225] [Sched] Compiling src/configs/argmaxpool-config.c; 73s ... (128 actions, 17 running)
[1,842 / 4,225] [Sched] Compiling src/configs/avgpool-config.c; 74s ... (128 actions, 16 running)
INFO: From Compiling src/idl_gen_ts.cpp [for tool]:
cl : Command line warning D9002 : ignoring unknown option '-std=c++20'
INFO: From Compiling src/google/protobuf/generated_message_tctable_gen.cc [for tool]:
cl : Command line warning D9002 : ignoring unknown option '-std=c++20'
INFO: From Compiling src/google/protobuf/compiler/java/lite/primitive_field.cc [for tool]:
cl : Command line warning D9002 : ignoring unknown option '-std=c++20'
[1,846 / 4,225] [Sched] Compiling src/google/protobuf/compiler/csharp/csharp_field_base.cc [for tool]; 75s ... (128 actions, 16 running)
[1,850 / 4,225] [Sched] Compiling src/configs/conv-hwc2chw-config.c; 72s ... (128 actions, 16 running)
[1,852 / 4,225] [Sched] Dexing external/maven/_dx/androidx_versionedparcelable_versionedparcelable/classes_and_libs_merged.jar_desugared.jar with applicable dexopts []; 73s ... (128 actions, 16 running)
[1,853 / 4,225] [Sched] Linking external/flatbuffers/grpc/src/compiler/go_generator.lib [for tool]; 70s ... (128 actions, 16 running)
[1,853 / 4,225] [Sched] Compiling src/google/protobuf/compiler/java/full/enum_field.cc [for tool]; 72s ... (128 actions, 17 running)
INFO: From Compiling src/google/protobuf/compiler/csharp/csharp_repeated_message_field.cc [for tool]:
cl : Command line warning D9002 : ignoring unknown option '-std=c++20'
[1,857 / 4,225] [Sched] Dexing external/maven/_dx/androidx_lifecycle_lifecycle_common/processed_lifecycle-common-2.3.1.jar_desugared.jar with applicable dexopts []; 70s ... (128 actions, 16 running)
[1,861 / 4,225] [Sched] Compiling Android resources for @@maven//:androidx_slidingpanelayout_slidingpanelayout; 70s ... (128 actions, 16 running)
[1,862 / 4,225] [Sched] Compiling src/configs/dwconv-config.c; 71s ... (128 actions, 16 running)
[1,864 / 4,225] [Sched] Compiling src/google/protobuf/compiler/csharp/csharp_generator.cc [for tool]; 71s ... (128 actions, 16 running)
[1,868 / 4,225] [Sched] Compiling src/google/protobuf/compiler/rust/accessors/singular_string.cc [for tool]; 72s ... (128 actions, 16 running)
[1,870 / 4,225] [Sched] Compiling src/configs/gemm-config.c; 72s ... (128 actions, 16 running)
[1,870 / 4,225] [Sched] Merging compiled Android resources for @@maven//:androidx_documentfile_documentfile; 74s ... (128 actions, 17 running)
INFO: From Compiling src/google/protobuf/compiler/java/lite/message_field.cc [for tool]:
cl : Command line warning D9002 : ignoring unknown option '-std=c++20'
[1,871 / 4,225] [Sched] Merging compiled Android resources for @@maven//:androidx_documentfile_documentfile; 75s ... (128 actions, 16 running)
INFO: From Compiling src/google/protobuf/compiler/java/lite/enum_field.cc [for tool]:
cl : Command line warning D9002 : ignoring unknown option '-std=c++20'
[1,872 / 4,225] [Sched] Compiling src/configs/ibilinear-chw-config.c; 75s ... (128 actions, 16 running)
[1,872 / 4,225] [Sched] Compiling src/configs/ibilinear-config.c; 75s ... (128 actions, 17 running)
INFO: From Compiling src/google/protobuf/compiler/java/full/extension.cc [for tool]:
cl : Command line warning D9002 : ignoring unknown option '-std=c++20'
INFO: From Compiling src/google/protobuf/compiler/java/full/message_builder.cc [for tool]:
cl : Command line warning D9002 : ignoring unknown option '-std=c++20'
[1,874 / 4,225] [Sched] Compiling absl/synchronization/internal/pthread_waiter.cc [for tool]; 75s ... (128 actions, 17 running)
INFO: From Compiling src/google/protobuf/compiler/csharp/csharp_field_base.cc [for tool]:
cl : Command line warning D9002 : ignoring unknown option '-std=c++20'
INFO: From Compiling src/google/protobuf/compiler/cpp/tracker.cc [for tool]:
cl : Command line warning D9002 : ignoring unknown option '-std=c++20'
[1,876 / 4,225] [Sched] Linking external/com_google_protobuf/src/google/protobuf/compiler/command_line_interface.lib [for tool]; 75s ... (128 actions, 17 running)
INFO: From Compiling absl/synchronization/internal/pthread_waiter.cc [for tool]:
cl : Command line warning D9002 : ignoring unknown option '-std=c++20'
[1,880 / 4,225] [Sched] Compiling src/google/protobuf/compiler/java/lite/message_builder.cc [for tool]; 74s ... (128 actions, 17 running)
INFO: From Compiling src/google/protobuf/generated_message_tctable_full.cc [for tool]:
cl : Command line warning D9002 : ignoring unknown option '-std=c++20'
[1,882 / 4,225] [Sched] Parsing Android resources for @@maven//:androidx_legacy_legacy_support_core_utils; 75s ... (128 actions, 17 running)
INFO: From Compiling src/google/protobuf/generated_message_tctable_lite.cc [for tool]:
cl : Command line warning D9002 : ignoring unknown option '-std=c++20'
external/com_google_protobuf/src/google/protobuf/generated_message_tctable_lite.cc(1377): warning C4141: 'inline': used more than once
external/com_google_protobuf/src/google/protobuf/generated_message_tctable_lite.cc(1394): warning C4141: 'inline': used more than once
external/com_google_protobuf/src/google/protobuf/generated_message_tctable_lite.cc(2508): warning C4141: 'inline': used more than once
INFO: From Compiling src/google/protobuf/compiler/java/full/enum_field.cc [for tool]:
cl : Command line warning D9002 : ignoring unknown option '-std=c++20'
[1,886 / 4,225] [Sched] Compiling absl/strings/internal/stringify_sink.cc [for tool]; 67s ... (128 actions, 17 running)
[1,888 / 4,225] [Sched] Compiling src/google/protobuf/compiler/java/lite/map_field.cc [for tool]; 68s ... (128 actions, 17 running)
[1,890 / 4,225] [Sched] Compiling src/google/protobuf/generated_message_bases.cc [for tool]; 68s ... (128 actions, 17 running)
INFO: From Compiling absl/synchronization/internal/sem_waiter.cc [for tool]:
cl : Command line warning D9002 : ignoring unknown option '-std=c++20'
INFO: From Compiling src/google/protobuf/compiler/csharp/csharp_generator.cc [for tool]:
cl : Command line warning D9002 : ignoring unknown option '-std=c++20'
[1,894 / 4,225] [Sched] Merging AAR embedded jars for @maven//:androidx_appcompat_appcompat; 67s ... (128 actions, 16 running)
INFO: From Compiling absl/strings/internal/memutil.cc [for tool]:
cl : Command line warning D9002 : ignoring unknown option '-std=c++20'
INFO: From Compiling absl/strings/internal/stringify_sink.cc [for tool]:
cl : Command line warning D9002 : ignoring unknown option '-std=c++20'
[1,897 / 4,225] [Sched] Extracting AAR Resources for @maven//:androidx_coordinatorlayout_coordinatorlayout; 67s ... (128 actions, 16 running)
[1,897 / 4,225] [Sched] Merging AAR embedded jars for @maven//:androidx_vectordrawable_vectordrawable_animated; 66s ... (128 actions, 18 running)
INFO: From Compiling src/google/protobuf/compiler/rust/accessors/singular_string.cc [for tool]:
cl : Command line warning D9002 : ignoring unknown option '-std=c++20'
INFO: From Compiling src/google/protobuf/generated_message_reflection.cc [for tool]:
cl : Command line warning D9002 : ignoring unknown option '-std=c++20'
[1,902 / 4,225] [Sched] Compiling absl/strings/match.cc [for tool]; 67s ... (128 actions, 17 running)
[1,903 / 4,225] [Sched] Dexing external/maven/_dx/androidx_print_print/classes_and_libs_merged.jar_desugared.jar with applicable dexopts []; 68s ... (128 actions, 17 running)
INFO: From Compiling src/google/protobuf/generated_enum_util.cc [for tool]:
cl : Command line warning D9002 : ignoring unknown option '-std=c++20'
[1,904 / 4,225] [Sched] Dexing external/maven/_dx/androidx_print_print/classes_and_libs_merged.jar_desugared.jar with applicable dexopts []; 69s ... (128 actions, 16 running)
INFO: From Compiling src/util.cpp [for tool]:
cl : Command line warning D9002 : ignoring unknown option '-std=c++20'
[1,907 / 4,225] [Sched] Compiling absl/strings/numbers.cc [for tool]; 63s ... (128 actions, 16 running)
INFO: From Compiling absl/strings/match.cc [for tool]:
cl : Command line warning D9002 : ignoring unknown option '-std=c++20'
[1,910 / 4,225] [Sched] Compiling src/configs/raddstoreexpminusmax-config.c; 63s ... (128 actions, 16 running)
INFO: From Compiling src/google/protobuf/generated_message_bases.cc [for tool]:
cl : Command line warning D9002 : ignoring unknown option '-std=c++20'
[1,911 / 4,225] [Sched] Compiling Android resources for @@maven//:androidx_documentfile_documentfile; 63s ... (128 actions, 16 running)
INFO: From Dexing external/maven/_dx/androidx_print_print/classes_and_libs_merged.jar_desugared.jar with applicable dexopts []:
Info: Stripped invalid locals information from 1 method.
Info in bazel-out\arm64-v8a-opt-android-ST-137734acc612\bin\external\maven\_dx\androidx_print_print\classes_and_libs_merged.jar_desugared.jar:androidx/print/PrintHelper$PrintUriAdapter$1.class:
Methods with invalid locals information:
  void androidx.print.PrintHelper$PrintUriAdapter$1.onPostExecute(android.graphics.Bitmap)
  Information in locals-table is invalid with respect to the stack map table. Local refers to non-present stack map type for register: 2 with constraint OBJECT.
Info: Some warnings are typically a sign of using an outdated Java toolchain. To fix, recompile the source with an updated toolchain.
[1,913 / 4,225] [Sched] Compiling src/google/protobuf/extension_set_heavy.cc [for tool]; 61s ... (128 actions, 16 running)
[1,913 / 4,225] [Sched] Extracting AAR Resources for @maven//:androidx_legacy_legacy_support_core_ui; 63s ... (128 actions, 17 running)
INFO: From Compiling src/google/protobuf/compiler/java/lite/message_builder.cc [for tool]:
cl : Command line warning D9002 : ignoring unknown option '-std=c++20'
INFO: From Compiling src/google/protobuf/compiler/java/full/map_field.cc [for tool]:
cl : Command line warning D9002 : ignoring unknown option '-std=c++20'
INFO: From Compiling src/google/protobuf/compiler/java/full/generator_factory.cc [for tool]:
cl : Command line warning D9002 : ignoring unknown option '-std=c++20'
[1,917 / 4,225] [Sched] Extracting AAR Resources for @maven//:androidx_vectordrawable_vectordrawable; 62s ... (128 actions, 16 running)
INFO: From Compiling absl/strings/numbers.cc [for tool]:
cl : Command line warning D9002 : ignoring unknown option '-std=c++20'
INFO: From Compiling src/google/protobuf/compiler/rust/rust_keywords.cc [for tool]:
cl : Command line warning D9002 : ignoring unknown option '-std=c++20'
INFO: From Compiling absl/time/internal/cctz/src/time_zone_if.cc [for tool]:
cl : Command line warning D9002 : ignoring unknown option '-std=c++20'
[1,920 / 4,225] [Sched] Compiling src/configs/reduce-config.c; 62s ... (128 actions, 16 running)
INFO: From Compiling src/google/protobuf/compiler/csharp/csharp_helpers.cc [for tool]:
cl : Command line warning D9002 : ignoring unknown option '-std=c++20'
INFO: From Compiling src/google/protobuf/compiler/java/lite/map_field.cc [for tool]:
cl : Command line warning D9002 : ignoring unknown option '-std=c++20'
[1,922 / 4,225] [Sched] Dexing mediapipe/java/com/google/mediapipe/framework/_dx/mediapipe_exception_android/libmediapipe_exception_android.jar_desugared.jar with applicable dexopts []; 63s ... (128 actions, 16 running)
[1,923 / 4,225] [Sched] Compiling src/bfbs_gen_lua.cpp [for tool]; 64s ... (128 actions, 16 running)
[1,924 / 4,225] [Sched] Linking external/com_google_protobuf/src/google/protobuf/compiler/code_generator.lib [for tool]; 64s ... (128 actions, 16 running)
INFO: From Compiling src/google/protobuf/util/message_differencer.cc [for tool]:
cl : Command line warning D9002 : ignoring unknown option '-std=c++20'
[1,925 / 4,225] [Sched] Extracting AAR Resources for @maven//:androidx_vectordrawable_vectordrawable_animated; 65s ... (128 actions, 16 running)
[1,927 / 4,225] [Sched] Compiling src/google/protobuf/compiler/csharp/csharp_map_field.cc [for tool]; 66s ... (128 actions, 16 running)
[1,927 / 4,225] [Sched] Compiling absl/strings/string_view.cc; 67s ... (128 actions, 17 running)
INFO: From Compiling src/google/protobuf/compiler/rust/naming.cc [for tool]:
cl : Command line warning D9002 : ignoring unknown option '-std=c++20'
C:\users\gregb\_bazel_gregb\au7dswig\execroot\mediapipe\external\com_google_protobuf\src\google\protobuf\compiler\rust\naming.cc(203) : warning C4715: 'google::protobuf::compiler::rust::RsTypePath': not all control paths return a value
[1,928 / 4,225] [Sched] Compiling absl/strings/string_view.cc; 68s ... (128 actions, 16 running)
[1,928 / 4,225] [Sched] Compiling src/configs/transpose-config.c; 70s ... (128 actions, 17 running)
INFO: From Compiling src/google/protobuf/feature_resolver.cc [for tool]:
cl : Command line warning D9002 : ignoring unknown option '-std=c++20'
INFO: From Compiling src/google/protobuf/compiler/cpp/padding_optimizer.cc [for tool]:
cl : Command line warning D9002 : ignoring unknown option '-std=c++20'
[1,930 / 4,225] [Sched] Compiling absl/time/internal/cctz/src/time_zone_libc.cc [for tool]; 71s ... (128 actions, 16 running)
[1,930 / 4,225] [Sched] Compiling src/configs/unary-elementwise-config.c; 72s ... (128 actions, 17 running)
INFO: From Compiling src/google/protobuf/extension_set_heavy.cc [for tool]:
cl : Command line warning D9002 : ignoring unknown option '-std=c++20'
[1,931 / 4,225] [Sched] Compiling src/configs/unary-elementwise-config.c; 73s ... (128 actions, 16 running)
INFO: From Compiling src/google/protobuf/compiler/java/lite/make_field_gens.cc [for tool]:
cl : Command line warning D9002 : ignoring unknown option '-std=c++20'
INFO: From Compiling src/bfbs_gen_lua.cpp [for tool]:
cl : Command line warning D9002 : ignoring unknown option '-std=c++20'
INFO: From Compiling src/google/protobuf/compiler/rust/enum.cc [for tool]:
cl : Command line warning D9002 : ignoring unknown option '-std=c++20'
[1,934 / 4,225] [Sched] Dexing external/maven/_dx/androidx_arch_core_core_runtime/classes_and_libs_merged.jar_desugared.jar with applicable dexopts []; 75s ... (128 actions, 16 running)
[1,935 / 4,225] [Sched] Compiling src/configs/unpool-config.c; 76s ... (128 actions, 16 running)
[1,935 / 4,225] [Sched] Compiling src/google/protobuf/compiler/java/context.cc [for tool]; 76s ... (128 actions, 17 running)
INFO: From Compiling src/google/protobuf/compiler/objectivec/message.cc [for tool]:
cl : Command line warning D9002 : ignoring unknown option '-std=c++20'
INFO: From Compiling src/google/protobuf/compiler/java/lite/enum.cc [for tool]:
cl : Command line warning D9002 : ignoring unknown option '-std=c++20'
[1,941 / 4,225] [Sched] Compiling absl/time/internal/cctz/src/time_zone_info.cc [for tool]; 74s ... (128 actions, 16 running)
[1,943 / 4,225] [Sched] Parsing Android resources for @@maven//:androidx_documentfile_documentfile; 70s ... (128 actions, 16 running)
INFO: From Compiling src/google/protobuf/compiler/java/shared_code_generator.cc [for tool]:
cl : Command line warning D9002 : ignoring unknown option '-std=c++20'
[1,945 / 4,225] [Sched] Compiling src/google/protobuf/compiler/csharp/csharp_message.cc [for tool]; 68s ... (128 actions, 16 running)
INFO: From Compiling absl/time/internal/cctz/src/time_zone_libc.cc [for tool]:
cl : Command line warning D9002 : ignoring unknown option '-std=c++20'
[1,946 / 4,225] [Sched] Linking external/com_google_protobuf/src/google/protobuf/compiler/java/kotlin.lib [for tool]; 69s ... (128 actions, 16 running)
INFO: From Compiling src/google/protobuf/compiler/cpp/enum.cc [for tool]:
cl : Command line warning D9002 : ignoring unknown option '-std=c++20'
[1,948 / 4,225] [Sched] Compiling src/configs/x8-lut-config.c; 69s ... (128 actions, 16 running)
INFO: From Compiling src/google/protobuf/compiler/csharp/csharp_map_field.cc [for tool]:
cl : Command line warning D9002 : ignoring unknown option '-std=c++20'
[1,950 / 4,225] [Sched] Compiling Android resources for @@maven//:androidx_interpolator_interpolator; 69s ... (128 actions, 16 running)
[1,951 / 4,225] [Sched] Linking external/com_google_protobuf/src/google/protobuf/compiler/java/full/mfg.lib [for tool]; 70s ... (128 actions, 16 running)
INFO: From Compiling absl/time/internal/cctz/src/time_zone_impl.cc [for tool]:
cl : Command line warning D9002 : ignoring unknown option '-std=c++20'
[1,953 / 4,225] [Sched] Compiling src/google/protobuf/descriptor_database.cc [for tool]; 70s ... (128 actions, 16 running)
[1,953 / 4,225] [Sched] Compiling src/configs/xx-fill-config.c; 71s ... (128 actions, 17 running)
[1,954 / 4,225] [Sched] Compiling src/idl_gen_text.cpp [for tool]; 72s ... (128 actions, 17 running)
[1,956 / 4,225] [Sched] Compiling src/google/protobuf/descriptor.pb.cc [for tool]; 72s ... (128 actions, 17 running)
INFO: From Compiling absl/time/internal/cctz/src/time_zone_info.cc [for tool]:
cl : Command line warning D9002 : ignoring unknown option '-std=c++20'
[1,960 / 4,225] [Sched] Compiling src/reference/packing.cc; 73s ... (128 actions, 16 running)
[1,960 / 4,225] [Sched] Extracting AAR Resources for @maven//:androidx_appcompat_appcompat; 74s ... (128 actions, 17 running)
[1,961 / 4,225] [Sched] Compiling src/allocator.c; 75s ... (128 actions, 17 running)
INFO: From Compiling src/google/protobuf/compiler/java/context.cc [for tool]:
cl : Command line warning D9002 : ignoring unknown option '-std=c++20'
INFO: From Compiling src/google/protobuf/compiler/objectivec/names.cc [for tool]:
cl : Command line warning D9002 : ignoring unknown option '-std=c++20'
C:\users\gregb\_bazel_gregb\au7dswig\execroot\mediapipe\external\com_google_protobuf\src\google\protobuf\compiler\objectivec\names.cc(951) : warning C4715: 'google::protobuf::compiler::objectivec::`anonymous namespace'::FragmentName': not all control paths return a value
C:\users\gregb\_bazel_gregb\au7dswig\execroot\mediapipe\external\com_google_protobuf\src\google\protobuf\compiler\objectivec\names.cc(1080) : warning C4715: 'google::protobuf::compiler::objectivec::`anonymous namespace'::FieldObjCTypeInternal': not all control paths return a value
[1,963 / 4,225] [Sched] Compiling src/params.c; 75s ... (128 actions, 17 running)
[1,964 / 4,225] [Sched] Compiling src/f16-f32-vcvt/gen/f16-f32-vcvt-scalar-u4.c; 73s ... (128 actions, 17 running)
INFO: From Compiling src/google/protobuf/compiler/java/file.cc [for tool]:
cl : Command line warning D9002 : ignoring unknown option '-std=c++20'
INFO: From Compiling src/google/protobuf/dynamic_message.cc [for tool]:
cl : Command line warning D9002 : ignoring unknown option '-std=c++20'
[1,966 / 4,225] [Sched] Compiling src/google/protobuf/compiler/java/generator.cc [for tool]; 74s ... (128 actions, 16 running)
[1,967 / 4,225] [Sched] Compiling src/google/protobuf/compiler/csharp/csharp_reflection_class.cc [for tool]; 74s ... (128 actions, 17 running)
INFO: From Compiling src/idl_gen_text.cpp [for tool]:
cl : Command line warning D9002 : ignoring unknown option '-std=c++20'
[1,970 / 4,225] [Sched] Compiling src/f16-qs8-vcvt/gen/f16-qs8-vcvt-scalar-imagic-u4.c; 74s ... (128 actions, 16 running)
INFO: From Compiling src/google/protobuf/compiler/csharp/csharp_message.cc [for tool]:
cl : Command line warning D9002 : ignoring unknown option '-std=c++20'
[1,971 / 4,225] [Sched] Extracting classes.jar and libs/*.jar from legacy-support-core-ui-1.0.0.aar; 75s ... (128 actions, 16 running)
[1,971 / 4,225] [Sched] Extracting classes.jar and libs/*.jar from lifecycle-viewmodel-2.3.1.aar; 76s ... (128 actions, 17 running)
[1,972 / 4,225] [Sched] Compiling Android resources for @@maven//:androidx_customview_customview; 76s ... (128 actions, 17 running)
INFO: From Compiling src/google/protobuf/compiler/csharp/csharp_primitive_field.cc [for tool]:
cl : Command line warning D9002 : ignoring unknown option '-std=c++20'
[1,974 / 4,225] [Sched] Compiling src/f16-qu8-vcvt/gen/f16-qu8-vcvt-scalar-imagic-u4.c; 76s ... (128 actions, 17 running)
INFO: From Compiling src/google/protobuf/compiler/java/lite/message.cc [for tool]:
cl : Command line warning D9002 : ignoring unknown option '-std=c++20'
[1,975 / 4,225] [Sched] Compiling src/f16-qu8-vcvt/gen/f16-qu8-vcvt-scalar-imagic-u4.c; 78s ... (128 actions, 16 running)
INFO: From Compiling src/google/protobuf/descriptor.pb.cc [for tool]:
cl : Command line warning D9002 : ignoring unknown option '-std=c++20'
[1,977 / 4,225] [Sched] Merging AAR embedded jars for @maven//:androidx_appcompat_appcompat_resources; 78s ... (128 actions, 16 running)
[1,977 / 4,225] [Sched] Desugaring external/maven/_aar/androidx_localbroadcastmanager_localbroadcastmanager/classes_and_libs_merged.jar for Android; 82s ... (128 actions, 17 running)
INFO: From Compiling src/google/protobuf/descriptor_database.cc [for tool]:
cl : Command line warning D9002 : ignoring unknown option '-std=c++20'
INFO: From Compiling src/google/protobuf/compiler/cpp/extension.cc [for tool]:
cl : Command line warning D9002 : ignoring unknown option '-std=c++20'
[1,983 / 4,225] [Sched] Compiling src/google/protobuf/compiler/objectivec/tf_decode_data.cc [for tool]; 78s ... (128 actions, 16 running)
[1,986 / 4,225] [Sched] Compiling src/google/protobuf/compiler/csharp/csharp_repeated_enum_field.cc [for tool]; 75s ... (128 actions, 16 running)
[1,989 / 4,225] [Sched] Extracting AAR Resources for @maven//:androidx_camera_camera_core; 75s ... (128 actions, 16 running)
[1,989 / 4,225] [Sched] Extracting AAR Resources for @maven//:androidx_camera_camera_core; 76s ... (128 actions, 16 running)
INFO: From Compiling src/google/protobuf/compiler/java/generator.cc [for tool]:
cl : Command line warning D9002 : ignoring unknown option '-std=c++20'
[1,991 / 4,225] [Sched] Linking static android resource library for @@maven//:androidx_documentfile_documentfile; 76s ... (128 actions, 17 running)
INFO: From Compiling src/google/protobuf/compiler/csharp/csharp_reflection_class.cc [for tool]:
cl : Command line warning D9002 : ignoring unknown option '-std=c++20'
INFO: From Compiling src/google/protobuf/compiler/csharp/csharp_message_field.cc [for tool]:
cl : Command line warning D9002 : ignoring unknown option '-std=c++20'
[1,996 / 4,225] [Sched] Compiling src/f16-rminmax/gen/f16-rminmax-scalar-u2-acc2.c; 76s ... (128 actions, 16 running)
[1,996 / 4,225] [Sched] Compiling src/google/protobuf/compiler/rust/oneof.cc [for tool]; 77s ... (128 actions, 17 running)
[1,997 / 4,225] [Sched] Compiling src/google/protobuf/compiler/objectivec/primitive_field.cc [for tool]; 79s ... (128 actions, 17 running)
INFO: From Compiling src/google/protobuf/compiler/objectivec/tf_decode_data.cc [for tool]:
cl : Command line warning D9002 : ignoring unknown option '-std=c++20'
[1,999 / 4,225] [Sched] Compiling src/f16-vapproxgelu/gen/f16-vapproxgelu-scalar-rational-6-4-div.c; 80s ... (128 actions, 16 running)
[1,999 / 4,225] [Sched] Compiling src/f16-vcos/gen/f16-vcos-scalar-rational-3-2-div.c; 82s ... (128 actions, 17 running)
INFO: From Compiling src/google/protobuf/compiler/rust/accessors/unsupported_field.cc [for tool]:
cl : Command line warning D9002 : ignoring unknown option '-std=c++20'
[2,000 / 4,225] [Sched] Compiling src/f16-vcos/gen/f16-vcos-scalar-rational-3-2-div.c; 84s ... (128 actions, 16 running)
INFO: From Compiling src/google/protobuf/compiler/csharp/csharp_repeated_enum_field.cc [for tool]:
cl : Command line warning D9002 : ignoring unknown option '-std=c++20'
[2,001 / 4,225] [Sched] Compiling src/f16-vexp/gen/f16-vexp-scalar-poly-3.c; 84s ... (128 actions, 16 running)
[2,001 / 4,225] [Sched] Linking external/com_google_absl/absl/synchronization/synchronization.lib [for tool]; 85s ... (128 actions, 17 running)
INFO: From Compiling src/bfbs_gen_nim.cpp [for tool]:
cl : Command line warning D9002 : ignoring unknown option '-std=c++20'
[2,002 / 4,225] [Sched] Compiling src/google/protobuf/compiler/objectivec/oneof.cc [for tool]; 86s ... (128 actions, 17 running)
[2,005 / 4,225] [Sched] Compiling Android resources for @@maven//:androidx_interpolator_interpolator; 87s ... (128 actions, 16 running)
INFO: From Compiling src/google/protobuf/compiler/cpp/field.cc [for tool]:
cl : Command line warning D9002 : ignoring unknown option '-std=c++20'
[2,008 / 4,225] [Sched] Compiling src/google/protobuf/compiler/rust/accessors/singular_scalar.cc [for tool]; 84s ... (128 actions, 17 running)
[2,009 / 4,225] [Sched] Compiling src/google/protobuf/compiler/rust/accessors/singular_scalar.cc [for tool]; 85s ... (128 actions, 16 running)
[2,010 / 4,225] [Sched] Compiling src/google/protobuf/cpp_features.pb.cc [for tool]; 86s ... (128 actions, 16 running)
INFO: From Compiling src/google/protobuf/compiler/objectivec/primitive_field.cc [for tool]:
cl : Command line warning D9002 : ignoring unknown option '-std=c++20'
INFO: From Compiling src/google/protobuf/compiler/rust/oneof.cc [for tool]:
cl : Command line warning D9002 : ignoring unknown option '-std=c++20'
[2,012 / 4,225] [Sched] Extracting classes.jar and libs/*.jar from annotation-experimental-1.1.0.aar; 87s ... (128 actions, 16 running)
[2,012 / 4,225] [Sched] Merging AAR embedded jars for @maven//:androidx_slidingpanelayout_slidingpanelayout; 88s ... (128 actions, 17 running)
INFO: From Compiling src/file_binary_writer.cpp [for tool]:
cl : Command line warning D9002 : ignoring unknown option '-std=c++20'
[2,014 / 4,225] [Sched] Extracting classes.jar and libs/*.jar from legacy-support-core-utils-1.0.0.aar; 89s ... (128 actions, 16 running)
[2,014 / 4,225] [Sched] Linking external/com_google_protobuf/src/google/protobuf/protobuf_lite.lo.lib [for tool]; 92s ... (128 actions, 17 running)
[2,015 / 4,225] [Sched] Compiling Android resources for @@maven//:androidx_cursoradapter_cursoradapter; 92s ... (128 actions, 17 running)
INFO: From Compiling src/google/protobuf/descriptor.cc [for tool]:
cl : Command line warning D9002 : ignoring unknown option '-std=c++20'
[2,017 / 4,225] [Sched] Compiling src/file_name_saving_file_manager.cpp [for tool]; 93s ... (128 actions, 17 running)
INFO: From Compiling src/google/protobuf/compiler/java/lite/generator_factory.cc [for tool]:
cl : Command line warning D9002 : ignoring unknown option '-std=c++20'
INFO: From Compiling src/google/protobuf/compiler/objectivec/oneof.cc [for tool]:
cl : Command line warning D9002 : ignoring unknown option '-std=c++20'
[2,026 / 4,225] [Sched] Compiling Android resources for @@maven//:androidx_cursoradapter_cursoradapter; 88s ... (127 actions, 16 running)
[2,027 / 4,225] [Sched] Linking external/com_google_protobuf/src/google/protobuf/compiler/java/full/fgs.lib [for tool]; 89s ... (128 actions, 16 running)
[2,028 / 4,225] [Sched] Linking external/com_google_protobuf/src/google/protobuf/compiler/java/full/full.lib [for tool]; 90s ... (128 actions, 16 running)
[2,031 / 4,225] [Sched] Compiling src/google/protobuf/compiler/rust/accessors/accessors.cc [for tool]; 90s ... (128 actions, 16 running)
INFO: From Compiling src/google/protobuf/compiler/rust/accessors/singular_scalar.cc [for tool]:
cl : Command line warning D9002 : ignoring unknown option '-std=c++20'
INFO: From Compiling src/file_name_saving_file_manager.cpp [for tool]:
cl : Command line warning D9002 : ignoring unknown option '-std=c++20'
[2,037 / 4,225] [Sched] Compiling src/google/protobuf/compiler/rust/generator.cc [for tool]; 86s ... (128 actions, 16 running)
[2,040 / 4,225] [Sched] Extracting AAR Resources for @maven//:androidx_camera_camera_camera2; 81s ... (128 actions, 16 running)
INFO: From Compiling src/google/protobuf/compiler/rust/accessors/accessor_case.cc [for tool]:
cl : Command line warning D9002 : ignoring unknown option '-std=c++20'
[2,041 / 4,225] [Sched] Parsing Android resources for @@maven//:androidx_cursoradapter_cursoradapter; 80s ... (128 actions, 17 running)
INFO: From Compiling src/google/protobuf/cpp_features.pb.cc [for tool]:
cl : Command line warning D9002 : ignoring unknown option '-std=c++20'
[2,044 / 4,225] [Sched] Linking external/com_google_protobuf/src/google/protobuf/compiler/java/lite/field_generators.lib [for tool]; 80s ... (128 actions, 16 running)
[2,044 / 4,225] [Sched] Linking external/com_google_protobuf/src/google/protobuf/compiler/rust/enum.lib [for tool]; 81s ... (128 actions, 17 running)
INFO: From Compiling src/google/protobuf/any.cc [for tool]:
cl : Command line warning D9002 : ignoring unknown option '-std=c++20'
[2,047 / 4,225] [Sched] Compiling Android resources for @@maven//:androidx_coordinatorlayout_coordinatorlayout; 79s ... (127 actions, 17 running)
[2,050 / 4,225] [Sched] Compiling src/f32-dwconv/gen/f32-dwconv-4p1c-minmax-scalar-acc2.c; 80s ... (128 actions, 17 running)
INFO: From Compiling src/file_writer.cpp [for tool]:
cl : Command line warning D9002 : ignoring unknown option '-std=c++20'
[2,053 / 4,225] [Sched] Compiling src/f32-dwconv/gen/f32-dwconv-4p1c-scalar-acc2.c; 79s ... (128 actions, 16 running)
[2,054 / 4,225] [Sched] Compiling src/f32-dwconv/gen/f32-dwconv-9p1c-minmax-scalar-acc2.c; 80s ... (128 actions, 16 running)
[2,057 / 4,225] [Sched] Compiling src/google/protobuf/compiler/rust/accessors/default_value.cc [for tool]; 79s ... (128 actions, 16 running)
[2,057 / 4,225] [Sched] Compiling src/f32-dwconv/gen/f32-dwconv-9p1c-scalar-acc2.c; 80s ... (128 actions, 17 running)
INFO: From Compiling src/google/protobuf/compiler/cpp/field_generators/cord_field.cc [for tool]:
cl : Command line warning D9002 : ignoring unknown option '-std=c++20'
INFO: From Compiling src/google/protobuf/compiler/rust/accessors/accessors.cc [for tool]:
cl : Command line warning D9002 : ignoring unknown option '-std=c++20'
C:\users\gregb\_bazel_gregb\au7dswig\execroot\mediapipe\external\com_google_protobuf\src\google\protobuf\compiler\rust\accessors\accessors.cc(65) : warning C4715: 'google::protobuf::compiler::rust::`anonymous namespace'::AccessorGeneratorFor': not all control paths return a value
[2,060 / 4,225] [Sched] Compiling src/f32-dwconv/gen/f32-dwconv-25p1c-minmax-scalar-acc2.c; 80s ... (128 actions, 16 running)
INFO: From Compiling src/google/protobuf/compiler/rust/message.cc [for tool]:
cl : Command line warning D9002 : ignoring unknown option '-std=c++20'
[2,061 / 4,225] [Sched] Compiling src/google/protobuf/compiler/objectivec/enum.cc [for tool]; 81s ... (128 actions, 16 running)
INFO: From Compiling src/google/protobuf/compiler/cpp/field_generators/enum_field.cc [for tool]:
cl : Command line warning D9002 : ignoring unknown option '-std=c++20'
INFO: From Compiling src/google/protobuf/compiler/rust/generator.cc [for tool]:
cl : Command line warning D9002 : ignoring unknown option '-std=c++20'
[2,063 / 4,225] [Sched] Compiling src/f32-dwconv/gen/f32-dwconv-25p1c-scalar-acc2.c; 81s ... (128 actions, 16 running)
[2,066 / 4,225] [Sched] Merging compiled Android resources for @@maven//:androidx_interpolator_interpolator; 79s ... (128 actions, 16 running)
[2,066 / 4,225] [Sched] Compiling src/f32-dwconv/gen/f32-dwconv-25p2c-minmax-scalar-acc2.c; 79s ... (128 actions, 17 running)
[2,067 / 4,225] [Sched] Linking external/com_google_absl/absl/time/internal/cctz/time_zone.lib [for tool]; 80s ... (128 actions, 17 running)
[2,071 / 4,225] [Sched] Compiling Android resources for @@maven//:androidx_vectordrawable_vectordrawable_animated; 78s ... (128 actions, 17 running)
INFO: From Compiling src/google/protobuf/compiler/cpp/parse_function_generator.cc [for tool]:
cl : Command line warning D9002 : ignoring unknown option '-std=c++20'
INFO: From Compiling src/google/protobuf/compiler/objectivec/map_field.cc [for tool]:
cl : Command line warning D9002 : ignoring unknown option '-std=c++20'
[2,074 / 4,225] Extracting AAR Resources for @maven//:androidx_appcompat_appcompat; 78s local ... (128 actions, 17 running)
[2,076 / 4,225] Extracting AAR Resources for @maven//:androidx_appcompat_appcompat; 80s local ... (128 actions, 17 running)
[2,079 / 4,225] Extracting AAR Resources for @maven//:androidx_appcompat_appcompat; 81s local ... (128 actions, 16 running)
[2,080 / 4,225] Extracting AAR Resources for @maven//:androidx_appcompat_appcompat; 82s local ... (128 actions, 16 running)
[2,082 / 4,225] Extracting AAR Resources for @maven//:androidx_appcompat_appcompat; 83s local ... (128 actions, 16 running)
[2,084 / 4,225] Extracting AAR Resources for @maven//:androidx_appcompat_appcompat; 84s local ... (128 actions, 16 running)
[2,087 / 4,225] Extracting AAR Resources for @maven//:androidx_appcompat_appcompat; 85s local ... (128 actions, 16 running)
[2,087 / 4,225] Extracting AAR Resources for @maven//:androidx_appcompat_appcompat; 86s local ... (128 actions, 17 running)
INFO: From Compiling src/google/protobuf/compiler/rust/accessors/default_value.cc [for tool]:
cl : Command line warning D9002 : ignoring unknown option '-std=c++20'
C:\users\gregb\_bazel_gregb\au7dswig\execroot\mediapipe\external\com_google_protobuf\src\google\protobuf\compiler\rust\accessors\default_value.cc(90) : warning C4715: 'google::protobuf::compiler::rust::DefaultValue': not all control paths return a value
INFO: From Compiling src/google/protobuf/compiler/objectivec/enum_field.cc [for tool]:
cl : Command line warning D9002 : ignoring unknown option '-std=c++20'
[2,089 / 4,225] Extracting AAR Resources for @maven//:androidx_appcompat_appcompat; 88s local ... (128 actions, 16 running)
INFO: From Compiling src/google/protobuf/compiler/objectivec/enum.cc [for tool]:
cl : Command line warning D9002 : ignoring unknown option '-std=c++20'
[2,090 / 4,225] Extracting AAR Resources for @maven//:androidx_appcompat_appcompat; 89s local ... (128 actions, 16 running)
INFO: From Compiling src/google/protobuf/compiler/objectivec/extension.cc [for tool]:
cl : Command line warning D9002 : ignoring unknown option '-std=c++20'
INFO: From Compiling src/google/protobuf/compiler/cpp/field_generators/message_field.cc [for tool]:
cl : Command line warning D9002 : ignoring unknown option '-std=c++20'
[2,093 / 4,225] Extracting AAR Resources for @maven//:androidx_appcompat_appcompat; 90s local ... (127 actions, 16 running)
[2,093 / 4,225] Extracting AAR Resources for @maven//:androidx_appcompat_appcompat; 91s local ... (128 actions, 16 running)
[2,093 / 4,225] Extracting AAR Resources for @maven//:androidx_appcompat_appcompat; 93s local ... (128 actions, 17 running)
[2,094 / 4,225] Extracting AAR Resources for @maven//:androidx_appcompat_appcompat; 94s local ... (128 actions, 17 running)
[2,097 / 4,225] Extracting AAR Resources for @maven//:androidx_appcompat_appcompat; 95s local ... (128 actions, 16 running)
INFO: From Compiling src/google/protobuf/compiler/rust/accessors/map.cc [for tool]:
cl : Command line warning D9002 : ignoring unknown option '-std=c++20'
[2,099 / 4,225] Extracting AAR Resources for @maven//:androidx_appcompat_appcompat; 96s local ... (128 actions, 16 running)
INFO: From Compiling src/idl_gen_swift.cpp [for tool]:
cl : Command line warning D9002 : ignoring unknown option '-std=c++20'
INFO: From Compiling src/google/protobuf/compiler/rust/accessors/repeated_field.cc [for tool]:
cl : Command line warning D9002 : ignoring unknown option '-std=c++20'
[2,102 / 4,225] Extracting AAR Resources for @maven//:androidx_appcompat_appcompat; 97s local ... (128 actions, 16 running)
[2,103 / 4,225] Extracting AAR Resources for @maven//:androidx_appcompat_appcompat; 98s local ... (128 actions, 16 running)
[2,105 / 4,225] Extracting AAR Resources for @maven//:androidx_appcompat_appcompat; 99s local ... (128 actions, 16 running)
[2,108 / 4,225] Extracting AAR Resources for @maven//:androidx_appcompat_appcompat; 100s local ... (128 actions, 16 running)
INFO: From Compiling src/google/protobuf/compiler/rust/accessors/singular_message.cc [for tool]:
cl : Command line warning D9002 : ignoring unknown option '-std=c++20'
[2,109 / 4,225] Extracting AAR Resources for @maven//:androidx_appcompat_appcompat; 101s local ... (128 actions, 16 running)
[2,110 / 4,225] Extracting AAR Resources for @maven//:androidx_appcompat_appcompat; 102s local ... (128 actions, 16 running)
[2,112 / 4,225] Extracting AAR Resources for @maven//:androidx_appcompat_appcompat; 103s local ... (128 actions, 16 running)
[2,113 / 4,225] Extracting AAR Resources for @maven//:androidx_appcompat_appcompat; 104s local ... (128 actions, 16 running)
[2,113 / 4,225] Extracting AAR Resources for @maven//:androidx_appcompat_appcompat; 106s local ... (128 actions, 17 running)
[2,114 / 4,225] Extracting AAR Resources for @maven//:androidx_appcompat_appcompat; 107s local ... (128 actions, 17 running)
INFO: From Compiling src/google/protobuf/compiler/cpp/field_generators/map_field.cc [for tool]:
cl : Command line warning D9002 : ignoring unknown option '-std=c++20'
[2,121 / 4,225] Extracting AAR Resources for @maven//:androidx_appcompat_appcompat; 108s local ... (128 actions, 16 running)
[2,125 / 4,225] Extracting AAR Resources for @maven//:androidx_appcompat_appcompat; 109s local ... (128 actions, 16 running)
INFO: From Compiling src/google/protobuf/compiler/cpp/field_generators/primitive_field.cc [for tool]:
cl : Command line warning D9002 : ignoring unknown option '-std=c++20'
[2,127 / 4,225] Extracting AAR Resources for @maven//:androidx_appcompat_appcompat; 110s local ... (128 actions, 17 running)
[2,128 / 4,225] Extracting AAR Resources for @maven//:androidx_appcompat_appcompat; 111s local ... (128 actions, 16 running)
[2,128 / 4,225] Extracting AAR Resources for @maven//:androidx_appcompat_appcompat; 112s local ... (128 actions, 17 running)
INFO: From Compiling src/google/protobuf/compiler/objectivec/field.cc [for tool]:
cl : Command line warning D9002 : ignoring unknown option '-std=c++20'
[2,129 / 4,225] Extracting AAR Resources for @maven//:androidx_appcompat_appcompat; 114s local ... (128 actions, 17 running)
[2,130 / 4,225] Extracting AAR Resources for @maven//:androidx_appcompat_appcompat; 115s local ... (128 actions, 16 running)
[2,130 / 4,225] Extracting AAR Resources for @maven//:androidx_appcompat_appcompat; 117s local ... (128 actions, 17 running)
INFO: From Compiling src/idl_gen_binary.cpp [for tool]:
cl : Command line warning D9002 : ignoring unknown option '-std=c++20'
INFO: From Compiling src/flatc_main.cpp [for tool]:
cl : Command line warning D9002 : ignoring unknown option '-std=c++20'
[2,133 / 4,225] Extracting AAR Resources for @maven//:androidx_appcompat_appcompat; 118s local ... (128 actions, 16 running)
[2,133 / 4,225] Extracting AAR Resources for @maven//:androidx_appcompat_appcompat; 121s local ... (128 actions, 17 running)
[2,136 / 4,225] Extracting AAR Resources for @maven//:androidx_appcompat_appcompat; 122s local ... (128 actions, 16 running)
[2,136 / 4,225] Extracting AAR Resources for @maven//:androidx_appcompat_appcompat; 123s local ... (128 actions, 17 running)
[2,137 / 4,225] Extracting AAR Resources for @maven//:androidx_appcompat_appcompat; 124s local ... (128 actions, 16 running)
INFO: From Compiling src/google/protobuf/compiler/main.cc [for tool]:
cl : Command line warning D9002 : ignoring unknown option '-std=c++20'
[2,139 / 4,225] Extracting AAR Resources for @maven//:androidx_appcompat_appcompat; 125s local ... (128 actions, 16 running)
INFO: From Compiling src/google/protobuf/compiler/objectivec/file.cc [for tool]:
cl : Command line warning D9002 : ignoring unknown option '-std=c++20'
INFO: From Compiling src/google/protobuf/compiler/objectivec/generator.cc [for tool]:
cl : Command line warning D9002 : ignoring unknown option '-std=c++20'
[2,143 / 4,225] Extracting AAR Resources for @maven//:androidx_appcompat_appcompat; 126s local ... (128 actions, 16 running)
INFO: From Compiling src/google/protobuf/compiler/cpp/field_generators/string_field.cc [for tool]:
cl : Command line warning D9002 : ignoring unknown option '-std=c++20'
[2,148 / 4,225] Extracting AAR Resources for @maven//:androidx_appcompat_appcompat; 128s local ... (128 actions, 16 running)
[2,150 / 4,225] Extracting AAR Resources for @maven//:androidx_appcompat_appcompat; 129s local ... (128 actions, 16 running)
[2,154 / 4,225] Extracting AAR Resources for @maven//:androidx_appcompat_appcompat; 130s local ... (128 actions, 16 running)
[2,157 / 4,225] Extracting AAR Resources for @maven//:androidx_appcompat_appcompat; 131s local ... (128 actions, 16 running)
[2,159 / 4,225] Extracting AAR Resources for @maven//:androidx_appcompat_appcompat; 132s local ... (128 actions, 16 running)
[2,160 / 4,225] Extracting AAR Resources for @maven//:androidx_appcompat_appcompat; 133s local ... (128 actions, 16 running)
[2,162 / 4,225] Extracting AAR Resources for @maven//:androidx_appcompat_appcompat; 134s local ... (128 actions, 16 running)
[2,162 / 4,225] Extracting AAR Resources for @maven//:androidx_appcompat_appcompat; 137s local ... (128 actions, 17 running)
[2,163 / 4,225] Extracting AAR Resources for @maven//:androidx_appcompat_appcompat; 139s local ... (128 actions, 16 running)
[2,163 / 4,225] Extracting AAR Resources for @maven//:androidx_appcompat_appcompat; 141s local ... (128 actions, 17 running)
INFO: From Compiling src/google/protobuf/compiler/objectivec/helpers.cc [for tool]:
cl : Command line warning D9002 : ignoring unknown option '-std=c++20'
[2,164 / 4,225] Extracting AAR Resources for @maven//:androidx_appcompat_appcompat; 142s local ... (128 actions, 16 running)
[2,164 / 4,225] Extracting AAR Resources for @maven//:androidx_appcompat_appcompat; 145s local ... (128 actions, 17 running)
INFO: From Compiling src/idl_gen_cpp.cpp [for tool]:
cl : Command line warning D9002 : ignoring unknown option '-std=c++20'
INFO: From Compiling src/idl_gen_go.cpp [for tool]:
cl : Command line warning D9002 : ignoring unknown option '-std=c++20'
[2,167 / 4,225] Extracting AAR Resources for @maven//:androidx_appcompat_appcompat; 147s local ... (128 actions, 17 running)
[2,169 / 4,225] Extracting AAR Resources for @maven//:androidx_appcompat_appcompat; 148s local ... (128 actions, 16 running)
INFO: From Compiling src/idl_gen_dart.cpp [for tool]:
cl : Command line warning D9002 : ignoring unknown option '-std=c++20'
INFO: From Compiling src/idl_gen_csharp.cpp [for tool]:
cl : Command line warning D9002 : ignoring unknown option '-std=c++20'
INFO: From Compiling src/google/protobuf/compiler/cpp/field_generators/string_view_field.cc [for tool]:
cl : Command line warning D9002 : ignoring unknown option '-std=c++20'
[2,172 / 4,225] Extracting AAR Resources for @maven//:androidx_appcompat_appcompat; 149s local ... (128 actions, 16 running)
[2,173 / 4,225] Extracting AAR Resources for @maven//:androidx_appcompat_appcompat; 150s local ... (128 actions, 16 running)
INFO: From Compiling src/google/protobuf/compiler/objectivec/import_writer.cc [for tool]:
cl : Command line warning D9002 : ignoring unknown option '-std=c++20'
[2,176 / 4,225] Extracting AAR Resources for @maven//:androidx_appcompat_appcompat; 151s local ... (128 actions, 16 running)
[2,177 / 4,225] Extracting AAR Resources for @maven//:androidx_appcompat_appcompat; 152s local ... (128 actions, 16 running)
[2,180 / 4,225] Extracting AAR Resources for @maven//:androidx_appcompat_appcompat; 153s local ... (128 actions, 16 running)
INFO: From Compiling src/google/protobuf/compiler/cpp/generator.cc [for tool]:
cl : Command line warning D9002 : ignoring unknown option '-std=c++20'
[2,188 / 4,225] Extracting AAR Resources for @maven//:androidx_appcompat_appcompat; 154s local ... (128 actions, 16 running)
[2,191 / 4,225] Extracting AAR Resources for @maven//:androidx_appcompat_appcompat; 155s local ... (128 actions, 16 running)
[2,191 / 4,225] Extracting AAR Resources for @maven//:androidx_appcompat_appcompat; 156s local ... (128 actions, 17 running)
INFO: From Compiling src/idl_gen_grpc.cpp [for tool]:
cl : Command line warning D9002 : ignoring unknown option '-std=c++20'
[2,193 / 4,225] Extracting AAR Resources for @maven//:androidx_appcompat_appcompat; 158s local ... (128 actions, 16 running)
[2,193 / 4,225] Extracting AAR Resources for @maven//:androidx_appcompat_appcompat; 160s local ... (128 actions, 17 running)
[2,196 / 4,225] Extracting AAR Resources for @maven//:androidx_appcompat_appcompat; 161s local ... (128 actions, 17 running)
INFO: From Compiling src/google/protobuf/compiler/cpp/file.cc [for tool]:
cl : Command line warning D9002 : ignoring unknown option '-std=c++20'
[2,202 / 4,225] Extracting AAR Resources for @maven//:androidx_appcompat_appcompat; 162s local ... (128 actions, 17 running)
[2,205 / 4,225] Extracting AAR Resources for @maven//:androidx_appcompat_appcompat; 163s local ... (128 actions, 17 running)
INFO: From Compiling src/google/protobuf/compiler/cpp/ifndef_guard.cc [for tool]:
cl : Command line warning D9002 : ignoring unknown option '-std=c++20'
[2,210 / 4,225] Extracting AAR Resources for @maven//:androidx_appcompat_appcompat; 164s local ... (128 actions, 16 running)
[2,214 / 4,225] Extracting AAR Resources for @maven//:androidx_appcompat_appcompat; 165s local ... (128 actions, 16 running)
[2,214 / 4,225] Extracting AAR Resources for @maven//:androidx_appcompat_appcompat; 166s local ... (128 actions, 17 running)
INFO: From Compiling src/idl_gen_java.cpp [for tool]:
cl : Command line warning D9002 : ignoring unknown option '-std=c++20'
[2,215 / 4,225] Extracting AAR Resources for @maven//:androidx_appcompat_appcompat; 168s local ... (128 actions, 17 running)
INFO: From Compiling src/google/protobuf/compiler/cpp/service.cc [for tool]:
cl : Command line warning D9002 : ignoring unknown option '-std=c++20'
[2,219 / 4,225] Extracting AAR Resources for @maven//:androidx_appcompat_appcompat; 169s local ... (128 actions, 16 running)
[2,224 / 4,225] Extracting AAR Resources for @maven//:androidx_appcompat_appcompat; 170s local ... (128 actions, 17 running)
[2,226 / 4,225] Extracting AAR Resources for @maven//:androidx_appcompat_appcompat; 171s local ... (128 actions, 16 running)
INFO: From Compiling src/idl_gen_json_schema.cpp [for tool]:
cl : Command line warning D9002 : ignoring unknown option '-std=c++20'
[2,227 / 4,225] Extracting AAR Resources for @maven//:androidx_appcompat_appcompat; 172s local ... (128 actions, 16 running)
[2,227 / 4,225] Extracting AAR Resources for @maven//:androidx_appcompat_appcompat; 174s local ... (128 actions, 17 running)
INFO: From Compiling src/idl_gen_lobster.cpp [for tool]:
cl : Command line warning D9002 : ignoring unknown option '-std=c++20'
[2,228 / 4,225] Extracting AAR Resources for @maven//:androidx_appcompat_appcompat; 175s local ... (128 actions, 16 running)
[2,228 / 4,225] Extracting AAR Resources for @maven//:androidx_appcompat_appcompat; 177s local ... (128 actions, 17 running)
INFO: From Compiling src/idl_gen_php.cpp [for tool]:
cl : Command line warning D9002 : ignoring unknown option '-std=c++20'
[2,231 / 4,225] Extracting AAR Resources for @maven//:androidx_appcompat_appcompat; 178s local ... (128 actions, 15 running)
[2,232 / 4,225] Extracting AAR Resources for @maven//:androidx_appcompat_appcompat; 179s local ... (128 actions, 17 running)
INFO: From Compiling src/idl_gen_kotlin_kmp.cpp [for tool]:
cl : Command line warning D9002 : ignoring unknown option '-std=c++20'
INFO: From Compiling src/idl_gen_kotlin.cpp [for tool]:
cl : Command line warning D9002 : ignoring unknown option '-std=c++20'
[2,238 / 4,225] Extracting AAR Resources for @maven//:androidx_appcompat_appcompat; 180s local ... (128 actions, 16 running)
INFO: From Compiling src/idl_gen_rust.cpp [for tool]:
cl : Command line warning D9002 : ignoring unknown option '-std=c++20'
[2,242 / 4,225] Extracting AAR Resources for @maven//:androidx_appcompat_appcompat; 182s local ... (128 actions, 16 running)
[2,244 / 4,225] Extracting AAR Resources for @maven//:androidx_appcompat_appcompat; 183s local ... (128 actions, 16 running)
[2,253 / 4,225] Extracting AAR Resources for @maven//:androidx_appcompat_appcompat; 184s local ... (128 actions, 16 running)
INFO: From Compiling src/idl_gen_python.cpp [for tool]:
cl : Command line warning D9002 : ignoring unknown option '-std=c++20'
[2,260 / 4,225] Extracting AAR Resources for @maven//:androidx_appcompat_appcompat; 185s local ... (128 actions, 16 running)
[2,265 / 4,225] Extracting AAR Resources for @maven//:androidx_appcompat_appcompat; 186s local ... (128 actions, 19 running)
[2,277 / 4,225] Extracting AAR Resources for @maven//:androidx_appcompat_appcompat; 187s local ... (128 actions, 18 running)
[2,292 / 4,225] Extracting AAR Resources for @maven//:androidx_appcompat_appcompat; 188s local ... (128 actions, 17 running)
[2,304 / 4,225] Extracting AAR Resources for @maven//:androidx_appcompat_appcompat; 189s local ... (128 actions, 16 running)
[2,317 / 4,225] Extracting AAR Resources for @maven//:androidx_appcompat_appcompat; 190s local ... (128 actions, 17 running)
[2,329 / 4,225] Extracting AAR Resources for @maven//:androidx_appcompat_appcompat; 191s local ... (128 actions, 17 running)
[2,339 / 4,225] Extracting AAR Resources for @maven//:androidx_appcompat_appcompat; 192s local ... (128 actions, 16 running)
[2,352 / 4,225] Extracting AAR Resources for @maven//:androidx_appcompat_appcompat; 193s local ... (128 actions, 18 running)
[2,361 / 4,225] Extracting AAR Resources for @maven//:androidx_appcompat_appcompat; 194s local ... (128 actions, 17 running)
[2,366 / 4,225] Extracting AAR Resources for @maven//:androidx_appcompat_appcompat; 195s local ... (128 actions, 16 running)
[2,375 / 4,225] Extracting AAR Resources for @maven//:androidx_appcompat_appcompat; 196s local ... (128 actions, 16 running)
[2,390 / 4,225] Extracting AAR Resources for @maven//:androidx_appcompat_appcompat; 197s local ... (128 actions, 16 running)
[2,405 / 4,225] Extracting AAR Resources for @maven//:androidx_appcompat_appcompat; 198s local ... (128 actions, 16 running)
[2,410 / 4,225] Extracting AAR Resources for @maven//:androidx_appcompat_appcompat; 199s local ... (128 actions, 16 running)
[2,413 / 4,225] Extracting AAR Resources for @maven//:androidx_appcompat_appcompat; 200s local ... (128 actions, 16 running)
[2,420 / 4,225] Extracting AAR Resources for @maven//:androidx_appcompat_appcompat; 201s local ... (128 actions, 16 running)
[2,427 / 4,225] Extracting AAR Resources for @maven//:androidx_appcompat_appcompat; 202s local ... (128 actions, 17 running)
[2,430 / 4,225] Extracting AAR Resources for @maven//:androidx_appcompat_appcompat; 203s local ... (128 actions, 16 running)
[2,440 / 4,225] Extracting AAR Resources for @maven//:androidx_appcompat_appcompat; 204s local ... (128 actions, 16 running)
[2,445 / 4,225] Extracting AAR Resources for @maven//:androidx_appcompat_appcompat; 205s local ... (128 actions, 17 running)
[2,454 / 4,225] Extracting AAR Resources for @maven//:androidx_appcompat_appcompat; 206s local ... (128 actions, 16 running)
[2,465 / 4,225] Extracting AAR Resources for @maven//:androidx_appcompat_appcompat; 207s local ... (128 actions, 16 running)
[2,472 / 4,225] Extracting AAR Resources for @maven//:androidx_appcompat_appcompat; 208s local ... (127 actions, 17 running)
[2,486 / 4,225] Extracting AAR Resources for @maven//:androidx_appcompat_appcompat; 209s local ... (128 actions, 17 running)
[2,497 / 4,225] Extracting AAR Resources for @maven//:androidx_appcompat_appcompat; 210s local ... (127 actions, 17 running)
[2,505 / 4,225] Extracting AAR Resources for @maven//:androidx_appcompat_appcompat; 211s local ... (125 actions, 19 running)
[2,514 / 4,225] Extracting AAR Resources for @maven//:androidx_appcompat_appcompat; 212s local ... (128 actions, 16 running)
INFO: From Linking external/flatbuffers/flatc.exe [for tool]:
LINK : warning LNK4001: no object files specified; libraries used
[2,523 / 4,225] Extracting AAR Resources for @maven//:androidx_appcompat_appcompat; 213s local ... (128 actions, 16 running)
[2,525 / 4,225] Extracting AAR Resources for @maven//:androidx_appcompat_appcompat; 214s local ... (128 actions, 16 running)
[2,526 / 4,225] Extracting AAR Resources for @maven//:androidx_appcompat_appcompat; 215s local ... (128 actions, 17 running)
[2,535 / 4,225] Extracting AAR Resources for @maven//:androidx_appcompat_appcompat; 216s local ... (128 actions, 16 running)
[2,539 / 4,225] Extracting AAR Resources for @maven//:androidx_appcompat_appcompat; 217s local ... (128 actions, 16 running)
[2,546 / 4,225] Extracting AAR Resources for @maven//:androidx_appcompat_appcompat; 218s local ... (128 actions, 16 running)
[2,551 / 4,225] Extracting AAR Resources for @maven//:androidx_appcompat_appcompat; 219s local ... (128 actions, 17 running)
[2,558 / 4,225] Extracting AAR Resources for @maven//:androidx_appcompat_appcompat; 220s local ... (128 actions, 16 running)
[2,568 / 4,225] Extracting AAR Resources for @maven//:androidx_appcompat_appcompat; 221s local ... (128 actions, 16 running)
[2,578 / 4,225] Extracting AAR Resources for @maven//:androidx_appcompat_appcompat; 222s local ... (128 actions, 16 running)
[2,592 / 4,225] Extracting AAR Resources for @maven//:androidx_appcompat_appcompat; 223s local ... (128 actions, 17 running)
[2,606 / 4,225] Extracting AAR Resources for @maven//:androidx_appcompat_appcompat; 224s local ... (128 actions, 16 running)
[2,617 / 4,225] Extracting AAR Resources for @maven//:androidx_appcompat_appcompat; 225s local ... (128 actions, 16 running)
[2,628 / 4,225] Extracting AAR Resources for @maven//:androidx_appcompat_appcompat; 226s local ... (127 actions, 16 running)
[2,641 / 4,225] Extracting AAR Resources for @maven//:androidx_appcompat_appcompat; 227s local ... (128 actions, 16 running)
INFO: From Generating flatbuffer files for metadata_schema_cc_srcs: //mediapipe/tasks/metadata:metadata_schema_cc_srcs:

warning:
  C:\users\gregb\_bazel_gregb\au7dswig\execroot\mediapipe\mediapipe\tasks\metadata\metadata_schema.fbs(486, 21): warning: field names should be lowercase snake_case, got: sentencePiece_model

[2,654 / 4,225] Extracting AAR Resources for @maven//:androidx_appcompat_appcompat; 228s local ... (128 actions, 16 running)
[2,656 / 4,225] Extracting AAR Resources for @maven//:androidx_appcompat_appcompat; 229s local ... (128 actions, 18 running)
[2,660 / 4,225] Extracting AAR Resources for @maven//:androidx_appcompat_appcompat; 230s local ... (128 actions, 18 running)
[2,672 / 4,225] [Sched] Compiling src/f32-qu8-vcvt/gen/f32-qu8-vcvt-neonv8-u32.c; 11s ... (128 actions, 16 running)
[2,679 / 4,225] [Sched] Desugaring external/maven/_aar/androidx_lifecycle_lifecycle_viewmodel_savedstate/classes_and_libs_merged.jar for Android; 11s ... (127 actions, 16 running)
[2,684 / 4,225] [Sched] Compiling src/qs8-qc8w-gemm/gen/qs8-qc8w-gemm-2x8c2s4-minmax-fp32-neonv8-mlal.c; 11s ... (128 actions, 17 running)
[2,696 / 4,225] [Sched] Merging Android assets for @@maven//:androidx_camera_camera_lifecycle; 11s ... (127 actions, 16 running)
[2,710 / 4,225] [Sched] Compiling src/f16-ibilinear/gen/f16-ibilinear-neonfp16arith-u8.c; 11s ... (128 actions, 17 running)
[2,714 / 4,225] [Sched] Compiling src/f16-igemm/gen/f16-igemm-6x16-minmax-neonfp16arith-ld64.c; 12s ... (128 actions, 17 running)
[2,731 / 4,225] [Sched] Compiling src/f16-vbinary/gen/f16-vmaxc-neonfp16arith-u16.c; 11s ... (128 actions, 16 running)
[2,747 / 4,225] [Sched] Compiling src/f16-velu/gen/f16-velu-neonfp16arith-rr1-p3-u16.c; 11s ... (127 actions, 16 running)
[2,759 / 4,225] [Sched] Compiling src/f16-vsigmoid/gen/f16-vsigmoid-neonfp16arith-rr2-p2-nr1fma-u32.c; 11s ... (128 actions, 16 running)
[2,772 / 4,225] [Sched] Compiling src/qd8-f16-qc4w-gemm/gen/qd8-f16-qc4w-gemm-6x16-minmax-neonfp16arith-mlal-lane.c; 10s ... (128 actions, 16 running)
[2,776 / 4,225] [Sched] Compiling src/qd8-f16-qc8w-gemm/gen/qd8-f16-qc8w-gemm-1x8c2s4-minmax-neonfp16arith.c; 11s ... (128 actions, 16 running)
[2,787 / 4,225] [Sched] Compiling src/qd8-f16-qb4w-gemm/gen/qd8-f16-qb4w-gemm-1x16c4-minmax-neondotfp16arith.c; 10s ... (128 actions, 16 running)
[2,798 / 4,225] [Sched] Compiling src/qd8-f16-qc8w-igemm/gen/qd8-f16-qc8w-igemm-1x8c4-minmax-neondotfp16arith.c; 9s ... (128 actions, 16 running)
[2,800 / 4,225] [Sched] Compiling src/qd8-f16-qc8w-igemm/gen/qd8-f16-qc8w-igemm-4x8c4-minmax-neondotfp16arith.c; 10s ... (128 actions, 16 running)
[2,808 / 4,225] [Sched] Compiling src/qd8-f32-qc8w-gemm/gen/qd8-f32-qc8w-gemm-1x16c4-minmax-neondot.c; 11s ... (128 actions, 16 running)
[2,810 / 4,225] [Sched] Compiling absl/strings/str_replace.cc; 11s ... (128 actions, 16 running)
[2,816 / 4,225] [Sched] Compiling src/qs8-qc8w-gemm/gen/qs8-qc8w-gemm-1x16c4-minmax-fp32-neondot.c; 12s ... (128 actions, 16 running)
[2,823 / 4,225] [Sched] Compiling src/qs8-qc8w-igemm/gen/qs8-qc8w-igemm-4x16c4-minmax-fp32-neondot.c; 13s ... (128 actions, 16 running)
[2,834 / 4,225] [Sched] Compiling src/qp8-f32-qc8w-gemm/qp8-f32-qc8w-gemm-minmax-1x4c8-aarch64-neondot.c; 12s ... (128 actions, 17 running)
[2,847 / 4,225] [Sched] Compiling src/pqs8-qc8w-gemm/pqs8-qc8w-gemm-1x32c4-minmax-neonsme2.c; 12s ... (127 actions, 16 running)
[2,862 / 4,225] [Sched] Compiling src/f16-igemm/f16-igemm-1x16-minmax-asm-aarch64-neonfp16arith-ld64.S; 12s ... (128 actions, 16 running)
[2,872 / 4,225] [Sched] Compiling src/f32-gemm/gen/f32-gemm-1x8-minmax-asm-aarch64-neonfma-cortex-a75-prfm.S; 13s ... (128 actions, 16 running)
[2,883 / 4,225] [Sched] Compiling src/f32-gemm/gen/f32-gemm-6x8-minmax-asm-aarch64-neonfma-cortex-a53.S; 13s ... (128 actions, 16 running)
[2,892 / 4,225] Compiling Android resources for @@maven//:androidx_appcompat_appcompat; 14s local ... (128 actions, 16 running)
[2,903 / 4,225] Compiling Android resources for @@maven//:androidx_appcompat_appcompat; 15s local ... (128 actions, 16 running)
[2,917 / 4,225] Compiling Android resources for @@maven//:androidx_appcompat_appcompat; 16s local ... (128 actions, 16 running)
[2,924 / 4,225] Compiling Android resources for @@maven//:androidx_appcompat_appcompat; 17s local ... (127 actions, 17 running)
[2,932 / 4,225] Compiling Android resources for @@maven//:androidx_appcompat_appcompat; 18s local ... (128 actions, 17 running)
[2,939 / 4,225] Compiling Android resources for @@maven//:androidx_appcompat_appcompat; 19s local ... (128 actions, 16 running)
[2,942 / 4,225] Compiling Android resources for @@maven//:androidx_appcompat_appcompat; 20s local ... (128 actions, 16 running)
[2,949 / 4,225] Compiling Android resources for @@maven//:androidx_appcompat_appcompat; 21s local ... (128 actions, 17 running)
[2,962 / 4,225] Compiling Android resources for @@maven//:androidx_appcompat_appcompat; 22s local ... (128 actions, 16 running)
[2,975 / 4,225] Compiling Android resources for @@maven//:androidx_appcompat_appcompat; 23s local ... (128 actions, 16 running)
[2,988 / 4,225] Compiling Android resources for @@maven//:androidx_appcompat_appcompat; 24s local ... (128 actions, 16 running)
[2,994 / 4,225] Compiling Android resources for @@maven//:androidx_appcompat_appcompat; 25s local ... (128 actions, 16 running)
[2,994 / 4,225] Compiling Android resources for @@maven//:androidx_appcompat_appcompat; 28s local ... (128 actions, 17 running)
[2,996 / 4,225] Compiling Android resources for @@maven//:androidx_appcompat_appcompat; 29s local ... (128 actions, 17 running)
[3,000 / 4,227] Compiling Android resources for @@maven//:androidx_appcompat_appcompat; 31s local ... (128 actions, 16 running)
[3,002 / 4,227] Compiling Android resources for @@maven//:androidx_appcompat_appcompat; 32s local ... (128 actions, 16 running)
[3,005 / 4,228] Compiling Android resources for @@maven//:androidx_appcompat_appcompat; 33s local ... (128 actions, 16 running)
[3,006 / 4,228] Compiling Android resources for @@maven//:androidx_appcompat_appcompat; 34s local ... (128 actions, 17 running)
[3,009 / 4,228] Compiling Android resources for @@maven//:androidx_appcompat_appcompat; 35s local ... (128 actions, 16 running)
[3,013 / 4,228] Compiling Android resources for @@maven//:androidx_appcompat_appcompat; 36s local ... (128 actions, 16 running)
[3,015 / 4,228] [Sched] Compiling ruy/pack_avx2_fma.cc; 22s ... (128 actions, 16 running)
[3,015 / 4,228] [Sched] Compiling ruy/pack_avx512.cc; 23s ... (128 actions, 17 running)
[3,017 / 4,228] [Sched] Generating proto_library //mediapipe/framework/formats:landmark_proto; 24s ... (128 actions, 17 running)
[3,021 / 4,228] [Sched] Compiling src/memory.c; 25s ... (128 actions, 17 running)
[3,030 / 4,228] [Sched] Compiling ruy/have_built_path_for_avx512.cc; 25s ... (128 actions, 16 running)
INFO: From Compiling src/pthreads.c:
external/pthreadpool/src/pthreads.c:301:12: warning: unused variable 'prev_value' [-Wunused-variable]
  301 |   uint32_t prev_value = pthreadpool_exchange_acquire_release_uint32_t(
      |            ^~~~~~~~~~
1 warning generated.
[3,037 / 4,228] [Sched] Compiling ruy/wait.cc; 26s ... (128 actions, 16 running)
[3,040 / 4,228] [Sched] Compiling src/init.c; 26s ... (128 actions, 16 running)
[3,043 / 4,228] [Sched] Generating proto_library //mediapipe/framework/formats:rect_proto; 27s ... (128 actions, 17 running)
[3,051 / 4,228] [Sched] Compiling src/arm/linux/clusters.c; 27s ... (128 actions, 16 running)
[3,057 / 4,228] [Sched] Compiling tensorflow/lite/kernels/kernel_util.cc; 26s ... (127 actions, 17 running)
[3,072 / 4,228] [Sched] Compiling tensorflow/lite/core/async/interop/c/types.cc; 26s ... (128 actions, 16 running)
[3,080 / 4,228] [Sched] Compiling tensorflow/compiler/mlir/lite/experimental/remat/metadata_util.cc; 26s ... (128 actions, 16 running)
[3,084 / 4,228] [Sched] Compiling tensorflow/lite/minimal_logging_android.cc; 27s ... (127 actions, 16 running)
[3,088 / 4,228] [Sched] Compiling tensorflow/lite/simple_memory_arena.cc; 28s ... (128 actions, 16 running)
[3,088 / 4,228] [Sched] Generating proto_library @com_google_protobuf//src/google/protobuf:source_context_proto; 29s ... (128 actions, 17 running)
[3,094 / 4,228] [Sched] Compiling tensorflow/lite/kernels/internal/tensor_ctypes.cc; 29s ... (128 actions, 17 running)
[3,097 / 4,228] [Sched] Compiling tensorflow/compiler/mlir/lite/utils/string_utils.cc; 30s ... (128 actions, 17 running)
[3,099 / 4,228] [Sched] Compiling tensorflow/lite/kernels/internal/runtime_shape.cc; 31s ... (128 actions, 17 running)
[3,102 / 4,228] [Sched] Compiling ruy/denormal.cc; 32s ... (128 actions, 17 running)
[3,108 / 4,228] [Sched] Compiling contrib/minizip/unzip.c; 29s ... (128 actions, 16 running)
INFO: From Compiling contrib/minizip/ioapi.c:
external/zlib/contrib/minizip/ioapi.c:234:6: warning: a function definition without a prototype is deprecated in all versions of C and is not supported in C23 [-Wdeprecated-non-prototype]
  234 | void fill_fopen_filefunc (pzlib_filefunc_def)
      |      ^
1 warning generated.
INFO: From Executing genrule @@org_tensorflow//tensorflow/lite/acceleration/configuration:configuration_schema:
[3,118 / 4,228] [Sched] Compiling ndk/sources/android/cpufeatures/cpu-features.c; 25s ... (128 actions, 16 running)
[3,129 / 4,228] [Sched] Compiling mediapipe/framework/resources.cc; 20s ... (128 actions, 17 running)
[3,132 / 4,228] [Sched] Compiling mediapipe/framework/deps/mlock_helpers.cc; 20s ... (128 actions, 16 running)
[3,133 / 4,228] [Sched] Compiling mediapipe/util/resource_util_android.cc; 21s ... (128 actions, 16 running)
[3,133 / 4,228] [Sched] Compiling mediapipe/util/android/asset_manager_util.cc; 22s ... (128 actions, 17 running)
[3,135 / 4,228] [Sched] Compiling mediapipe/java/com/google/mediapipe/framework/jni/class_registry.cc; 23s ... (128 actions, 17 running)
When you use --proto, that you should check for conformity yourself, using the existing --conform
INFO: From Compiling mediapipe/framework/vlog_utils.cc:
In file included from mediapipe/framework/vlog_utils.cc:7:
In file included from ./mediapipe/framework/port/logging.h:30:
bazel-out/arm64-v8a-opt-android-ST-137734acc612/bin/external/com_github_glog_glog_no_gflags/_virtual_includes/glog/glog/logging.h:610:9: warning: 'LOG' macro redefined [-Wmacro-redefined]
  610 | #define LOG(severity) COMPACT_GOOGLE_LOG_ ## severity.stream()
      |         ^
external/com_google_absl/absl/log/log.h:201:9: note: previous definition is here
  201 | #define LOG(severity) ABSL_LOG_INTERNAL_LOG_IMPL(_##severity)
      |         ^
In file included from mediapipe/framework/vlog_utils.cc:7:
In file included from ./mediapipe/framework/port/logging.h:30:
bazel-out/arm64-v8a-opt-android-ST-137734acc612/bin/external/com_github_glog_glog_no_gflags/_virtual_includes/glog/glog/logging.h:694:9: warning: 'LOG_IF' macro redefined [-Wmacro-redefined]
  694 | #define LOG_IF(severity, condition) \
      |         ^
external/com_google_absl/absl/log/log.h:221:9: note: previous definition is here
  221 | #define LOG_IF(severity, condition) \
      |         ^
In file included from mediapipe/framework/vlog_utils.cc:7:
In file included from ./mediapipe/framework/port/logging.h:30:
bazel-out/arm64-v8a-opt-android-ST-137734acc612/bin/external/com_github_glog_glog_no_gflags/_virtual_includes/glog/glog/logging.h:989:9: warning: 'PLOG' macro redefined [-Wmacro-redefined]
  989 | #define PLOG(severity) GOOGLE_PLOG(severity, 0).stream()
      |         ^
external/com_google_absl/absl/log/log.h:207:9: note: previous definition is here
  207 | #define PLOG(severity) ABSL_LOG_INTERNAL_PLOG_IMPL(_##severity)
      |         ^
In file included from mediapipe/framework/vlog_utils.cc:7:
In file included from ./mediapipe/framework/port/logging.h:30:
bazel-out/arm64-v8a-opt-android-ST-137734acc612/bin/external/com_github_glog_glog_no_gflags/_virtual_includes/glog/glog/logging.h:996:9: warning: 'PLOG_IF' macro redefined [-Wmacro-redefined]
  996 | #define PLOG_IF(severity, condition) \
      |         ^
external/com_google_absl/absl/log/log.h:223:9: note: previous definition is here
  223 | #define PLOG_IF(severity, condition) \
      |         ^
In file included from mediapipe/framework/vlog_utils.cc:7:
In file included from ./mediapipe/framework/port/logging.h:30:
bazel-out/arm64-v8a-opt-android-ST-137734acc612/bin/external/com_github_glog_glog_no_gflags/_virtual_includes/glog/glog/logging.h:1260:9: warning: 'LOG_EVERY_N' macro redefined [-Wmacro-redefined]
 1260 | #define LOG_EVERY_N(severity, n)                                        \
      |         ^
external/com_google_absl/absl/log/log.h:239:9: note: previous definition is here
  239 | #define LOG_EVERY_N(severity, n) \
      |         ^
In file included from mediapipe/framework/vlog_utils.cc:7:
In file included from ./mediapipe/framework/port/logging.h:30:
bazel-out/arm64-v8a-opt-android-ST-137734acc612/bin/external/com_github_glog_glog_no_gflags/_virtual_includes/glog/glog/logging.h:1268:9: warning: 'PLOG_EVERY_N' macro redefined [-Wmacro-redefined]
 1268 | #define PLOG_EVERY_N(severity, n) \
      |         ^
external/com_google_absl/absl/log/log.h:270:9: note: previous definition is here
  270 | #define PLOG_EVERY_N(severity, n) \
      |         ^
In file included from mediapipe/framework/vlog_utils.cc:7:
In file included from ./mediapipe/framework/port/logging.h:30:
bazel-out/arm64-v8a-opt-android-ST-137734acc612/bin/external/com_github_glog_glog_no_gflags/_virtual_includes/glog/glog/logging.h:1271:9: warning: 'LOG_FIRST_N' macro redefined [-Wmacro-redefined]
 1271 | #define LOG_FIRST_N(severity, n) \
      |         ^
external/com_google_absl/absl/log/log.h:247:9: note: previous definition is here
  247 | #define LOG_FIRST_N(severity, n) \
      |         ^
In file included from mediapipe/framework/vlog_utils.cc:7:
In file included from ./mediapipe/framework/port/logging.h:30:
bazel-out/arm64-v8a-opt-android-ST-137734acc612/bin/external/com_github_glog_glog_no_gflags/_virtual_includes/glog/glog/logging.h:1274:9: warning: 'LOG_IF_EVERY_N' macro redefined [-Wmacro-redefined]
 1274 | #define LOG_IF_EVERY_N(severity, condition, n) \
      |         ^
external/com_google_absl/absl/log/log.h:295:9: note: previous definition is here
  295 | #define LOG_IF_EVERY_N(severity, condition, n) \
      |         ^
In file included from mediapipe/framework/vlog_utils.cc:7:
In file included from ./mediapipe/framework/port/logging.h:30:
bazel-out/arm64-v8a-opt-android-ST-137734acc612/bin/external/com_github_glog_glog_no_gflags/_virtual_includes/glog/glog/logging.h:1330:9: warning: 'DLOG' macro redefined [-Wmacro-redefined]
 1330 | #define DLOG(severity)  \
      |         ^
external/com_google_absl/absl/log/log.h:214:9: note: previous definition is here
  214 | #define DLOG(severity) ABSL_LOG_INTERNAL_DLOG_IMPL(_##severity)
      |         ^
In file included from mediapipe/framework/vlog_utils.cc:7:
In file included from ./mediapipe/framework/port/logging.h:30:
bazel-out/arm64-v8a-opt-android-ST-137734acc612/bin/external/com_github_glog_glog_no_gflags/_virtual_includes/glog/glog/logging.h:1339:9: warning: 'DLOG_IF' macro redefined [-Wmacro-redefined]
 1339 | #define DLOG_IF(severity, condition) \
      |         ^
external/com_google_absl/absl/log/log.h:225:9: note: previous definition is here
  225 | #define DLOG_IF(severity, condition) \
      |         ^
In file included from mediapipe/framework/vlog_utils.cc:7:
In file included from ./mediapipe/framework/port/logging.h:30:
bazel-out/arm64-v8a-opt-android-ST-137734acc612/bin/external/com_github_glog_glog_no_gflags/_virtual_includes/glog/glog/logging.h:1343:9: warning: 'DLOG_EVERY_N' macro redefined [-Wmacro-redefined]
 1343 | #define DLOG_EVERY_N(severity, n) \
      |         ^
external/com_google_absl/absl/log/log.h:279:9: note: previous definition is here
  279 | #define DLOG_EVERY_N(severity, n) \
      |         ^
In file included from mediapipe/framework/vlog_utils.cc:7:
In file included from ./mediapipe/framework/port/logging.h:30:
bazel-out/arm64-v8a-opt-android-ST-137734acc612/bin/external/com_github_glog_glog_no_gflags/_virtual_includes/glog/glog/logging.h:1347:9: warning: 'DLOG_IF_EVERY_N' macro redefined [-Wmacro-redefined]
 1347 | #define DLOG_IF_EVERY_N(severity, condition, n) \
      |         ^
external/com_google_absl/absl/log/log.h:313:9: note: previous definition is here
  313 | #define DLOG_IF_EVERY_N(severity, condition, n) \
      |         ^
12 warnings generated.
[3,140 / 4,228] [Sched] Compiling mediapipe/util/android/file/base/helpers.cc; 24s ... (128 actions, 16 running)
[3,144 / 4,228] [Sched] Compiling mediapipe/framework/deps/platform_strings.cc; 24s ... (128 actions, 16 running)
[3,145 / 4,228] [Sched] Compiling mediapipe/framework/formats/unique_fd.cc; 25s ... (128 actions, 16 running)
[3,146 / 4,228] [Sched] Compiling mediapipe/framework/deps/file_path.cc; 26s ... (128 actions, 16 running)
[3,146 / 4,228] [Sched] Compiling mediapipe/framework/collection_item_id.cc; 27s ... (128 actions, 17 running)
[3,149 / 4,228] [Sched] Compiling mediapipe/framework/tool/status_util.cc; 28s ... (128 actions, 16 running)
[3,151 / 4,228] [Sched] Compiling mediapipe/framework/deps/registration_token.cc; 28s ... (128 actions, 16 running)
[3,154 / 4,228] [Sched] Compiling src/google/protobuf/util/delimited_message_util.cc; 28s ... (128 actions, 17 running)
[3,160 / 4,228] [Sched] Generating proto_library @com_google_protobuf//src/google/protobuf:any_proto; 28s ... (128 actions, 16 running)
[3,161 / 4,228] [Sched] Compiling src/google/protobuf/json/internal/message_path.cc; 29s ... (128 actions, 16 running)
[3,164 / 4,228] [Sched] Compiling src/google/protobuf/json/internal/writer.cc; 30s ... (128 actions, 16 running)
[3,165 / 4,228] [Sched] Compiling absl/flags/flag.cc; 31s ... (128 actions, 16 running)
[3,167 / 4,228] [Sched] Compiling absl/flags/marshalling.cc; 31s ... (128 actions, 16 running)
[3,168 / 4,228] [Sched] Compiling absl/flags/reflection.cc; 32s ... (127 actions, 16 running)
[3,168 / 4,228] [Sched] Compiling absl/flags/reflection.cc; 33s ... (128 actions, 16 running)
[3,170 / 4,228] [Sched] Compiling absl/flags/internal/program_name.cc; 34s ... (128 actions, 17 running)
[3,171 / 4,228] [Sched] Compiling absl/flags/internal/program_name.cc; 35s ... (128 actions, 16 running)
[3,172 / 4,228] [Sched] Compiling absl/flags/internal/private_handle_accessor.cc; 36s ... (128 actions, 16 running)
[3,172 / 4,228] [Sched] Compiling absl/flags/commandlineflag.cc; 37s ... (128 actions, 17 running)
[3,179 / 4,228] [Sched] Compiling src/google/protobuf/cpp_features.pb.cc; 37s ... (128 actions, 16 running)
[3,180 / 4,228] Desugaring external/maven/_aar/androidx_asynclayoutinflater_asynclayoutinflater/classes_and_libs_merged.jar for Android; 38s worker ... (128 actions, 16 running)
[3,182 / 4,228] Desugaring external/maven/_aar/androidx_asynclayoutinflater_asynclayoutinflater/classes_and_libs_merged.jar for Android; 39s worker ... (128 actions, 16 running)
[3,184 / 4,228] Desugaring external/maven/_aar/androidx_asynclayoutinflater_asynclayoutinflater/classes_and_libs_merged.jar for Android; 40s worker ... (128 actions, 16 running)
[3,185 / 4,228] Desugaring external/maven/_aar/androidx_asynclayoutinflater_asynclayoutinflater/classes_and_libs_merged.jar for Android; 41s worker ... (128 actions, 16 running)
[3,189 / 4,228] Desugaring external/maven/_aar/androidx_asynclayoutinflater_asynclayoutinflater/classes_and_libs_merged.jar for Android; 42s worker ... (128 actions, 16 running)
[3,190 / 4,228] Desugaring external/maven/_aar/androidx_asynclayoutinflater_asynclayoutinflater/classes_and_libs_merged.jar for Android; 43s worker ... (128 actions, 16 running)
[3,190 / 4,228] Desugaring external/maven/_aar/androidx_asynclayoutinflater_asynclayoutinflater/classes_and_libs_merged.jar for Android; 45s worker ... (128 actions, 17 running)
[3,191 / 4,228] Desugaring external/maven/_aar/androidx_asynclayoutinflater_asynclayoutinflater/classes_and_libs_merged.jar for Android; 46s worker ... (128 actions, 17 running)
[3,192 / 4,228] Desugaring external/maven/_aar/androidx_asynclayoutinflater_asynclayoutinflater/classes_and_libs_merged.jar for Android; 47s worker ... (128 actions, 16 running)
[3,192 / 4,228] Desugaring external/maven/_aar/androidx_asynclayoutinflater_asynclayoutinflater/classes_and_libs_merged.jar for Android; 49s worker ... (128 actions, 17 running)
[3,193 / 4,228] Desugaring external/maven/_aar/androidx_asynclayoutinflater_asynclayoutinflater/classes_and_libs_merged.jar for Android; 50s worker ... (128 actions, 17 running)
[3,197 / 4,228] Desugaring external/maven/_aar/androidx_asynclayoutinflater_asynclayoutinflater/classes_and_libs_merged.jar for Android; 51s worker ... (128 actions, 17 running)
[3,198 / 4,228] Desugaring external/maven/_aar/androidx_asynclayoutinflater_asynclayoutinflater/classes_and_libs_merged.jar for Android; 52s worker ... (128 actions, 16 running)
[3,199 / 4,228] Desugaring external/maven/_aar/androidx_asynclayoutinflater_asynclayoutinflater/classes_and_libs_merged.jar for Android; 53s worker ... (128 actions, 16 running)
[3,201 / 4,228] Desugaring external/maven/_aar/androidx_asynclayoutinflater_asynclayoutinflater/classes_and_libs_merged.jar for Android; 54s worker ... (127 actions, 16 running)
[3,201 / 4,228] Desugaring external/maven/_aar/androidx_asynclayoutinflater_asynclayoutinflater/classes_and_libs_merged.jar for Android; 55s worker ... (128 actions, 16 running)
[3,204 / 4,228] Desugaring external/maven/_aar/androidx_asynclayoutinflater_asynclayoutinflater/classes_and_libs_merged.jar for Android; 56s worker ... (128 actions, 16 running)
[3,206 / 4,228] Desugaring external/maven/_aar/androidx_asynclayoutinflater_asynclayoutinflater/classes_and_libs_merged.jar for Android; 57s worker ... (128 actions, 16 running)
[3,206 / 4,228] Desugaring external/maven/_aar/androidx_asynclayoutinflater_asynclayoutinflater/classes_and_libs_merged.jar for Android; 59s worker ... (128 actions, 17 running)
[3,208 / 4,228] Desugaring external/maven/_aar/androidx_asynclayoutinflater_asynclayoutinflater/classes_and_libs_merged.jar for Android; 60s worker ... (128 actions, 17 running)
[3,210 / 4,228] Desugaring external/maven/_aar/androidx_asynclayoutinflater_asynclayoutinflater/classes_and_libs_merged.jar for Android; 62s worker ... (128 actions, 16 running)
[3,212 / 4,228] Desugaring external/maven/_aar/androidx_asynclayoutinflater_asynclayoutinflater/classes_and_libs_merged.jar for Android; 63s worker ... (128 actions, 16 running)
[3,213 / 4,228] Desugaring external/maven/_aar/androidx_asynclayoutinflater_asynclayoutinflater/classes_and_libs_merged.jar for Android; 64s worker ... (128 actions, 16 running)
[3,216 / 4,228] Desugaring external/maven/_aar/androidx_asynclayoutinflater_asynclayoutinflater/classes_and_libs_merged.jar for Android; 65s worker ... (128 actions, 16 running)
[3,216 / 4,228] Desugaring external/maven/_aar/androidx_asynclayoutinflater_asynclayoutinflater/classes_and_libs_merged.jar for Android; 66s worker ... (128 actions, 17 running)
[3,217 / 4,228] Desugaring external/maven/_aar/androidx_asynclayoutinflater_asynclayoutinflater/classes_and_libs_merged.jar for Android; 68s worker ... (128 actions, 16 running)
[3,219 / 4,228] [Sched] Compiling adler32.c; 59s ... (128 actions, 16 running)
[3,222 / 4,228] [Sched] Compiling deflate.c; 59s ... (128 actions, 16 running)
INFO: From Compiling compress.c:
external/zlib/compress.c:22:13: warning: a function definition without a prototype is deprecated in all versions of C and is not supported in C23 [-Wdeprecated-non-prototype]
   22 | int ZEXPORT compress2(dest, destLen, source, sourceLen, level)
      |             ^
external/zlib/compress.c:68:13: warning: a function definition without a prototype is deprecated in all versions of C and is not supported in C23 [-Wdeprecated-non-prototype]
   68 | int ZEXPORT compress(dest, destLen, source, sourceLen)
      |             ^
external/zlib/compress.c:81:15: warning: a function definition without a prototype is deprecated in all versions of C and is not supported in C23 [-Wdeprecated-non-prototype]
   81 | uLong ZEXPORT compressBound(sourceLen)
      |               ^
3 warnings generated.
INFO: From Compiling adler32.c:
external/zlib/adler32.c:63:15: warning: a function definition without a prototype is deprecated in all versions of C and is not supported in C23 [-Wdeprecated-non-prototype]
   63 | uLong ZEXPORT adler32_z(adler, buf, len)
      |               ^
external/zlib/adler32.c:134:15: warning: a function definition without a prototype is deprecated in all versions of C and is not supported in C23 [-Wdeprecated-non-prototype]
  134 | uLong ZEXPORT adler32(adler, buf, len)
      |               ^
external/zlib/adler32.c:143:13: warning: a function definition without a prototype is deprecated in all versions of C and is not supported in C23 [-Wdeprecated-non-prototype]
  143 | local uLong adler32_combine_(adler1, adler2, len2)
      |             ^
external/zlib/adler32.c:172:15: warning: a function definition without a prototype is deprecated in all versions of C and is not supported in C23 [-Wdeprecated-non-prototype]
  172 | uLong ZEXPORT adler32_combine(adler1, adler2, len2)
      |               ^
external/zlib/adler32.c:180:15: warning: a function definition without a prototype is deprecated in all versions of C and is not supported in C23 [-Wdeprecated-non-prototype]
  180 | uLong ZEXPORT adler32_combine64(adler1, adler2, len2)
      |               ^
5 warnings generated.
INFO: From Compiling crc32.c:
external/zlib/crc32.c:126:16: warning: a function definition without a prototype is deprecated in all versions of C and is not supported in C23 [-Wdeprecated-non-prototype]
  126 | local z_word_t byte_swap(word)
      |                ^
external/zlib/crc32.c:551:15: warning: a function definition without a prototype is deprecated in all versions of C and is not supported in C23 [-Wdeprecated-non-prototype]
  551 | local z_crc_t multmodp(a, b)
      |               ^
external/zlib/crc32.c:575:15: warning: a function definition without a prototype is deprecated in all versions of C and is not supported in C23 [-Wdeprecated-non-prototype]
  575 | local z_crc_t x2nmodp(n, k)
      |               ^
external/zlib/crc32.c:726:15: warning: a function definition without a prototype is deprecated in all versions of C and is not supported in C23 [-Wdeprecated-non-prototype]
  726 | local z_crc_t crc_word(data)
      |               ^
external/zlib/crc32.c:735:16: warning: a function definition without a prototype is deprecated in all versions of C and is not supported in C23 [-Wdeprecated-non-prototype]
  735 | local z_word_t crc_word_big(data)
      |                ^
external/zlib/crc32.c:748:23: warning: a function definition without a prototype is deprecated in all versions of C and is not supported in C23 [-Wdeprecated-non-prototype]
  748 | unsigned long ZEXPORT crc32_z(crc, buf, len)
      |                       ^
external/zlib/crc32.c:1072:23: warning: a function definition without a prototype is deprecated in all versions of C and is not supported in C23 [-Wdeprecated-non-prototype]
 1072 | unsigned long ZEXPORT crc32(crc, buf, len)
      |                       ^
external/zlib/crc32.c:1081:15: warning: a function definition without a prototype is deprecated in all versions of C and is not supported in C23 [-Wdeprecated-non-prototype]
 1081 | uLong ZEXPORT crc32_combine64(crc1, crc2, len2)
      |               ^
external/zlib/crc32.c:1093:15: warning: a function definition without a prototype is deprecated in all versions of C and is not supported in C23 [-Wdeprecated-non-prototype]
 1093 | uLong ZEXPORT crc32_combine(crc1, crc2, len2)
      |               ^
external/zlib/crc32.c:1102:15: warning: a function definition without a prototype is deprecated in all versions of C and is not supported in C23 [-Wdeprecated-non-prototype]
 1102 | uLong ZEXPORT crc32_combine_gen64(len2)
      |               ^
external/zlib/crc32.c:1112:15: warning: a function definition without a prototype is deprecated in all versions of C and is not supported in C23 [-Wdeprecated-non-prototype]
 1112 | uLong ZEXPORT crc32_combine_gen(len2)
      |               ^
external/zlib/crc32.c:1119:15: warning: a function definition without a prototype is deprecated in all versions of C and is not supported in C23 [-Wdeprecated-non-prototype]
 1119 | uLong ZEXPORT crc32_combine_op(crc1, crc2, op)
      |               ^
12 warnings generated.
INFO: From Compiling gzclose.c:
external/zlib/gzclose.c:11:13: warning: a function definition without a prototype is deprecated in all versions of C and is not supported in C23 [-Wdeprecated-non-prototype]
   11 | int ZEXPORT gzclose(file)
      |             ^
1 warning generated.
[3,227 / 4,228] [Sched] Compiling infback.c; 60s ... (128 actions, 16 running)
INFO: From Compiling deflate.c:
external/zlib/deflate.c:198:12: warning: a function definition without a prototype is deprecated in all versions of C and is not supported in C23 [-Wdeprecated-non-prototype]
  198 | local void slide_hash(s)
      |            ^
external/zlib/deflate.c:225:13: warning: a function definition without a prototype is deprecated in all versions of C and is not supported in C23 [-Wdeprecated-non-prototype]
  225 | int ZEXPORT deflateInit_(strm, level, version, stream_size)
      |             ^
external/zlib/deflate.c:237:13: warning: a function definition without a prototype is deprecated in all versions of C and is not supported in C23 [-Wdeprecated-non-prototype]
  237 | int ZEXPORT deflateInit2_(strm, level, method, windowBits, memLevel, strategy,
      |             ^
external/zlib/deflate.c:389:11: warning: a function definition without a prototype is deprecated in all versions of C and is not supported in C23 [-Wdeprecated-non-prototype]
  389 | local int deflateStateCheck(strm)
      |           ^
external/zlib/deflate.c:412:13: warning: a function definition without a prototype is deprecated in all versions of C and is not supported in C23 [-Wdeprecated-non-prototype]
  412 | int ZEXPORT deflateSetDictionary(strm, dictionary, dictLength)
      |             ^
external/zlib/deflate.c:481:13: warning: a function definition without a prototype is deprecated in all versions of C and is not supported in C23 [-Wdeprecated-non-prototype]
  481 | int ZEXPORT deflateGetDictionary(strm, dictionary, dictLength)
      |             ^
external/zlib/deflate.c:503:13: warning: a function definition without a prototype is deprecated in all versions of C and is not supported in C23 [-Wdeprecated-non-prototype]
  503 | int ZEXPORT deflateResetKeep(strm)
      |             ^
external/zlib/deflate.c:541:13: warning: a function definition without a prototype is deprecated in all versions of C and is not supported in C23 [-Wdeprecated-non-prototype]
  541 | int ZEXPORT deflateReset(strm)
      |             ^
external/zlib/deflate.c:553:13: warning: a function definition without a prototype is deprecated in all versions of C and is not supported in C23 [-Wdeprecated-non-prototype]
  553 | int ZEXPORT deflateSetHeader(strm, head)
      |             ^
external/zlib/deflate.c:564:13: warning: a function definition without a prototype is deprecated in all versions of C and is not supported in C23 [-Wdeprecated-non-prototype]
  564 | int ZEXPORT deflatePending(strm, pending, bits)
      |             ^
external/zlib/deflate.c:578:13: warning: a function definition without a prototype is deprecated in all versions of C and is not supported in C23 [-Wdeprecated-non-prototype]
  578 | int ZEXPORT deflatePrime(strm, bits, value)
      |             ^
external/zlib/deflate.c:605:13: warning: a function definition without a prototype is deprecated in all versions of C and is not supported in C23 [-Wdeprecated-non-prototype]
  605 | int ZEXPORT deflateParams(strm, level, strategy)
      |             ^
external/zlib/deflate.c:654:13: warning: a function definition without a prototype is deprecated in all versions of C and is not supported in C23 [-Wdeprecated-non-prototype]
  654 | int ZEXPORT deflateTune(strm, good_length, max_lazy, nice_length, max_chain)
      |             ^
external/zlib/deflate.c:696:15: warning: a function definition without a prototype is deprecated in all versions of C and is not supported in C23 [-Wdeprecated-non-prototype]
  696 | uLong ZEXPORT deflateBound(strm, sourceLen)
      |               ^
external/zlib/deflate.c:768:12: warning: a function definition without a prototype is deprecated in all versions of C and is not supported in C23 [-Wdeprecated-non-prototype]
  768 | local void putShortMSB(s, b)
      |            ^
external/zlib/deflate.c:782:12: warning: a function definition without a prototype is deprecated in all versions of C and is not supported in C23 [-Wdeprecated-non-prototype]
  782 | local void flush_pending(strm)
      |            ^
external/zlib/deflate.c:815:13: warning: a function definition without a prototype is deprecated in all versions of C and is not supported in C23 [-Wdeprecated-non-prototype]
  815 | int ZEXPORT deflate(strm, flush)
      |             ^
external/zlib/deflate.c:1130:13: warning: a function definition without a prototype is deprecated in all versions of C and is not supported in C23 [-Wdeprecated-non-prototype]
 1130 | int ZEXPORT deflateEnd(strm)
      |             ^
external/zlib/deflate.c:1156:13: warning: a function definition without a prototype is deprecated in all versions of C and is not supported in C23 [-Wdeprecated-non-prototype]
 1156 | int ZEXPORT deflateCopy(dest, source)
      |             ^
external/zlib/deflate.c:1215:16: warning: a function definition without a prototype is deprecated in all versions of C and is not supported in C23 [-Wdeprecated-non-prototype]
 1215 | local unsigned read_buf(strm, buf, size)
      |                ^
external/zlib/deflate.c:1245:12: warning: a function definition without a prototype is deprecated in all versions of C and is not supported in C23 [-Wdeprecated-non-prototype]
 1245 | local void lm_init(s)
      |            ^
external/zlib/deflate.c:1278:12: warning: a function definition without a prototype is deprecated in all versions of C and is not supported in C23 [-Wdeprecated-non-prototype]
 1278 | local uInt longest_match(s, cur_match)
      |            ^
external/zlib/deflate.c:1527:12: warning: a function definition without a prototype is deprecated in all versions of C and is not supported in C23 [-Wdeprecated-non-prototype]
 1527 | local void fill_window(s)
      |            ^
external/zlib/deflate.c:1690:19: warning: a function definition without a prototype is deprecated in all versions of C and is not supported in C23 [-Wdeprecated-non-prototype]
 1690 | local block_state deflate_stored(s, flush)
      |                   ^
external/zlib/deflate.c:1877:19: warning: a function definition without a prototype is deprecated in all versions of C and is not supported in C23 [-Wdeprecated-non-prototype]
 1877 | local block_state deflate_fast(s, flush)
      |                   ^
external/zlib/deflate.c:1979:19: warning: a function definition without a prototype is deprecated in all versions of C and is not supported in C23 [-Wdeprecated-non-prototype]
 1979 | local block_state deflate_slow(s, flush)
      |                   ^
external/zlib/deflate.c:2110:19: warning: a function definition without a prototype is deprecated in all versions of C and is not supported in C23 [-Wdeprecated-non-prototype]
 2110 | local block_state deflate_rle(s, flush)
      |                   ^
external/zlib/deflate.c:2184:19: warning: a function definition without a prototype is deprecated in all versions of C and is not supported in C23 [-Wdeprecated-non-prototype]
 2184 | local block_state deflate_huff(s, flush)
      |                   ^
28 warnings generated.
[3,230 / 4,228] [Sched] Compiling inflate.c; 60s ... (128 actions, 16 running)
INFO: From Compiling inffast.c:
external/zlib/inffast.c:50:20: warning: a function definition without a prototype is deprecated in all versions of C and is not supported in C23 [-Wdeprecated-non-prototype]
   50 | void ZLIB_INTERNAL inflate_fast(strm, start)
      |                    ^
1 warning generated.
INFO: From Compiling gzread.c:
external/zlib/gzread.c:21:11: warning: a function definition without a prototype is deprecated in all versions of C and is not supported in C23 [-Wdeprecated-non-prototype]
   21 | local int gz_load(state, buf, len, have)
      |           ^
external/zlib/gzread.c:56:11: warning: a function definition without a prototype is deprecated in all versions of C and is not supported in C23 [-Wdeprecated-non-prototype]
   56 | local int gz_avail(state)
      |           ^
external/zlib/gzread.c:91:11: warning: a function definition without a prototype is deprecated in all versions of C and is not supported in C23 [-Wdeprecated-non-prototype]
   91 | local int gz_look(state)
      |           ^
external/zlib/gzread.c:173:11: warning: a function definition without a prototype is deprecated in all versions of C and is not supported in C23 [-Wdeprecated-non-prototype]
  173 | local int gz_decomp(state)
      |           ^
external/zlib/gzread.c:227:11: warning: a function definition without a prototype is deprecated in all versions of C and is not supported in C23 [-Wdeprecated-non-prototype]
  227 | local int gz_fetch(state)
      |           ^
external/zlib/gzread.c:257:11: warning: a function definition without a prototype is deprecated in all versions of C and is not supported in C23 [-Wdeprecated-non-prototype]
  257 | local int gz_skip(state, len)
      |           ^
external/zlib/gzread.c:292:16: warning: a function definition without a prototype is deprecated in all versions of C and is not supported in C23 [-Wdeprecated-non-prototype]
  292 | local z_size_t gz_read(state, buf, len)
      |                ^
external/zlib/gzread.c:373:13: warning: a function definition without a prototype is deprecated in all versions of C and is not supported in C23 [-Wdeprecated-non-prototype]
  373 | int ZEXPORT gzread(file, buf, len)
      |             ^
external/zlib/gzread.c:409:18: warning: a function definition without a prototype is deprecated in all versions of C and is not supported in C23 [-Wdeprecated-non-prototype]
  409 | z_size_t ZEXPORT gzfread(buf, size, nitems, file)
      |                  ^
external/zlib/gzread.c:445:13: warning: a function definition without a prototype is deprecated in all versions of C and is not supported in C23 [-Wdeprecated-non-prototype]
  445 | int ZEXPORT gzgetc(file)
      |             ^
external/zlib/gzread.c:472:13: warning: a function definition without a prototype is deprecated in all versions of C and is not supported in C23 [-Wdeprecated-non-prototype]
  472 | int ZEXPORT gzgetc_(file)
      |             ^
external/zlib/gzread.c:479:13: warning: a function definition without a prototype is deprecated in all versions of C and is not supported in C23 [-Wdeprecated-non-prototype]
  479 | int ZEXPORT gzungetc(c, file)
      |             ^
external/zlib/gzread.c:539:16: warning: a function definition without a prototype is deprecated in all versions of C and is not supported in C23 [-Wdeprecated-non-prototype]
  539 | char * ZEXPORT gzgets(file, buf, len)
      |                ^
external/zlib/gzread.c:603:13: warning: a function definition without a prototype is deprecated in all versions of C and is not supported in C23 [-Wdeprecated-non-prototype]
  603 | int ZEXPORT gzdirect(file)
      |             ^
external/zlib/gzread.c:623:13: warning: a function definition without a prototype is deprecated in all versions of C and is not supported in C23 [-Wdeprecated-non-prototype]
  623 | int ZEXPORT gzclose_r(file)
      |             ^
15 warnings generated.
INFO: From Compiling gzwrite.c:
external/zlib/gzwrite.c:17:11: warning: a function definition without a prototype is deprecated in all versions of C and is not supported in C23 [-Wdeprecated-non-prototype]
   17 | local int gz_init(state)
      |           ^
external/zlib/gzwrite.c:73:11: warning: a function definition without a prototype is deprecated in all versions of C and is not supported in C23 [-Wdeprecated-non-prototype]
   73 | local int gz_comp(state, flush)
      |           ^
external/zlib/gzwrite.c:154:11: warning: a function definition without a prototype is deprecated in all versions of C and is not supported in C23 [-Wdeprecated-non-prototype]
  154 | local int gz_zero(state, len)
      |           ^
external/zlib/gzwrite.c:187:16: warning: a function definition without a prototype is deprecated in all versions of C and is not supported in C23 [-Wdeprecated-non-prototype]
  187 | local z_size_t gz_write(state, buf, len)
      |                ^
external/zlib/gzwrite.c:255:13: warning: a function definition without a prototype is deprecated in all versions of C and is not supported in C23 [-Wdeprecated-non-prototype]
  255 | int ZEXPORT gzwrite(file, buf, len)
      |             ^
external/zlib/gzwrite.c:283:18: warning: a function definition without a prototype is deprecated in all versions of C and is not supported in C23 [-Wdeprecated-non-prototype]
  283 | z_size_t ZEXPORT gzfwrite(buf, size, nitems, file)
      |                  ^
external/zlib/gzwrite.c:313:13: warning: a function definition without a prototype is deprecated in all versions of C and is not supported in C23 [-Wdeprecated-non-prototype]
  313 | int ZEXPORT gzputc(file, c)
      |             ^
external/zlib/gzwrite.c:361:13: warning: a function definition without a prototype is deprecated in all versions of C and is not supported in C23 [-Wdeprecated-non-prototype]
  361 | int ZEXPORT gzputs(file, s)
      |             ^
external/zlib/gzwrite.c:565:13: warning: a function definition without a prototype is deprecated in all versions of C and is not supported in C23 [-Wdeprecated-non-prototype]
  565 | int ZEXPORT gzflush(file, flush)
      |             ^
external/zlib/gzwrite.c:597:13: warning: a function definition without a prototype is deprecated in all versions of C and is not supported in C23 [-Wdeprecated-non-prototype]
  597 | int ZEXPORT gzsetparams(file, level, strategy)
      |             ^
external/zlib/gzwrite.c:639:13: warning: a function definition without a prototype is deprecated in all versions of C and is not supported in C23 [-Wdeprecated-non-prototype]
  639 | int ZEXPORT gzclose_w(file)
      |             ^
11 warnings generated.
INFO: From Compiling gzlib.c:
external/zlib/gzlib.c:75:12: warning: a function definition without a prototype is deprecated in all versions of C and is not supported in C23 [-Wdeprecated-non-prototype]
   75 | local void gz_reset(state)
      |            ^
external/zlib/gzlib.c:93:14: warning: a function definition without a prototype is deprecated in all versions of C and is not supported in C23 [-Wdeprecated-non-prototype]
   93 | local gzFile gz_open(path, fd, mode)
      |              ^
external/zlib/gzlib.c:272:16: warning: a function definition without a prototype is deprecated in all versions of C and is not supported in C23 [-Wdeprecated-non-prototype]
  272 | gzFile ZEXPORT gzopen(path, mode)
      |                ^
external/zlib/gzlib.c:280:16: warning: a function definition without a prototype is deprecated in all versions of C and is not supported in C23 [-Wdeprecated-non-prototype]
  280 | gzFile ZEXPORT gzopen64(path, mode)
      |                ^
external/zlib/gzlib.c:288:16: warning: a function definition without a prototype is deprecated in all versions of C and is not supported in C23 [-Wdeprecated-non-prototype]
  288 | gzFile ZEXPORT gzdopen(fd, mode)
      |                ^
external/zlib/gzlib.c:318:13: warning: a function definition without a prototype is deprecated in all versions of C and is not supported in C23 [-Wdeprecated-non-prototype]
  318 | int ZEXPORT gzbuffer(file, size)
      |             ^
external/zlib/gzlib.c:345:13: warning: a function definition without a prototype is deprecated in all versions of C and is not supported in C23 [-Wdeprecated-non-prototype]
  345 | int ZEXPORT gzrewind(file)
      |             ^
external/zlib/gzlib.c:368:19: warning: a function definition without a prototype is deprecated in all versions of C and is not supported in C23 [-Wdeprecated-non-prototype]
  368 | z_off64_t ZEXPORT gzseek64(file, offset, whence)
      |                   ^
external/zlib/gzlib.c:445:17: warning: a function definition without a prototype is deprecated in all versions of C and is not supported in C23 [-Wdeprecated-non-prototype]
  445 | z_off_t ZEXPORT gzseek(file, offset, whence)
      |                 ^
external/zlib/gzlib.c:457:19: warning: a function definition without a prototype is deprecated in all versions of C and is not supported in C23 [-Wdeprecated-non-prototype]
  457 | z_off64_t ZEXPORT gztell64(file)
      |                   ^
external/zlib/gzlib.c:474:17: warning: a function definition without a prototype is deprecated in all versions of C and is not supported in C23 [-Wdeprecated-non-prototype]
  474 | z_off_t ZEXPORT gztell(file)
      |                 ^
external/zlib/gzlib.c:484:19: warning: a function definition without a prototype is deprecated in all versions of C and is not supported in C23 [-Wdeprecated-non-prototype]
  484 | z_off64_t ZEXPORT gzoffset64(file)
      |                   ^
external/zlib/gzlib.c:507:17: warning: a function definition without a prototype is deprecated in all versions of C and is not supported in C23 [-Wdeprecated-non-prototype]
  507 | z_off_t ZEXPORT gzoffset(file)
      |                 ^
external/zlib/gzlib.c:517:13: warning: a function definition without a prototype is deprecated in all versions of C and is not supported in C23 [-Wdeprecated-non-prototype]
  517 | int ZEXPORT gzeof(file)
      |             ^
external/zlib/gzlib.c:534:22: warning: a function definition without a prototype is deprecated in all versions of C and is not supported in C23 [-Wdeprecated-non-prototype]
  534 | const char * ZEXPORT gzerror(file, errnum)
      |                      ^
external/zlib/gzlib.c:555:14: warning: a function definition without a prototype is deprecated in all versions of C and is not supported in C23 [-Wdeprecated-non-prototype]
  555 | void ZEXPORT gzclearerr(file)
      |              ^
external/zlib/gzlib.c:581:20: warning: a function definition without a prototype is deprecated in all versions of C and is not supported in C23 [-Wdeprecated-non-prototype]
  581 | void ZLIB_INTERNAL gz_error(state, err, msg)
      |                    ^
17 warnings generated.
INFO: From Compiling infback.c:
external/zlib/infback.c:28:13: warning: a function definition without a prototype is deprecated in all versions of C and is not supported in C23 [-Wdeprecated-non-prototype]
   28 | int ZEXPORT inflateBackInit_(strm, windowBits, window, version, stream_size)
      |             ^
external/zlib/infback.c:83:12: warning: a function definition without a prototype is deprecated in all versions of C and is not supported in C23 [-Wdeprecated-non-prototype]
   83 | local void fixedtables(state)
      |            ^
external/zlib/infback.c:251:13: warning: a function definition without a prototype is deprecated in all versions of C and is not supported in C23 [-Wdeprecated-non-prototype]
  251 | int ZEXPORT inflateBack(strm, in, in_desc, out, out_desc)
      |             ^
external/zlib/infback.c:635:13: warning: a function definition without a prototype is deprecated in all versions of C and is not supported in C23 [-Wdeprecated-non-prototype]
  635 | int ZEXPORT inflateBackEnd(strm)
      |             ^
4 warnings generated.
[3,236 / 4,228] [Sched] Compiling zutil.c; 61s ... (128 actions, 16 running)
INFO: From Compiling uncompr.c:
external/zlib/uncompr.c:27:13: warning: a function definition without a prototype is deprecated in all versions of C and is not supported in C23 [-Wdeprecated-non-prototype]
   27 | int ZEXPORT uncompress2(dest, destLen, source, sourceLen)
      |             ^
external/zlib/uncompr.c:86:13: warning: a function definition without a prototype is deprecated in all versions of C and is not supported in C23 [-Wdeprecated-non-prototype]
   86 | int ZEXPORT uncompress(dest, destLen, source, sourceLen)
      |             ^
2 warnings generated.
INFO: From Compiling inftrees.c:
external/zlib/inftrees.c:32:19: warning: a function definition without a prototype is deprecated in all versions of C and is not supported in C23 [-Wdeprecated-non-prototype]
   32 | int ZLIB_INTERNAL inflate_table(type, lens, codes, table, bits, work)
      |                   ^
1 warning generated.
INFO: From Compiling inflate.c:
external/zlib/inflate.c:105:11: warning: a function definition without a prototype is deprecated in all versions of C and is not supported in C23 [-Wdeprecated-non-prototype]
  105 | local int inflateStateCheck(strm)
      |           ^
external/zlib/inflate.c:119:13: warning: a function definition without a prototype is deprecated in all versions of C and is not supported in C23 [-Wdeprecated-non-prototype]
  119 | int ZEXPORT inflateResetKeep(strm)
      |             ^
external/zlib/inflate.c:145:13: warning: a function definition without a prototype is deprecated in all versions of C and is not supported in C23 [-Wdeprecated-non-prototype]
  145 | int ZEXPORT inflateReset(strm)
      |             ^
external/zlib/inflate.c:158:13: warning: a function definition without a prototype is deprecated in all versions of C and is not supported in C23 [-Wdeprecated-non-prototype]
  158 | int ZEXPORT inflateReset2(strm, windowBits)
      |             ^
external/zlib/inflate.c:198:13: warning: a function definition without a prototype is deprecated in all versions of C and is not supported in C23 [-Wdeprecated-non-prototype]
  198 | int ZEXPORT inflateInit2_(strm, windowBits, version, stream_size)
      |             ^
external/zlib/inflate.c:242:13: warning: a function definition without a prototype is deprecated in all versions of C and is not supported in C23 [-Wdeprecated-non-prototype]
  242 | int ZEXPORT inflateInit_(strm, version, stream_size)
      |             ^
external/zlib/inflate.c:250:13: warning: a function definition without a prototype is deprecated in all versions of C and is not supported in C23 [-Wdeprecated-non-prototype]
  250 | int ZEXPORT inflatePrime(strm, bits, value)
      |             ^
external/zlib/inflate.c:281:12: warning: a function definition without a prototype is deprecated in all versions of C and is not supported in C23 [-Wdeprecated-non-prototype]
  281 | local void fixedtables(state)
      |            ^
external/zlib/inflate.c:399:11: warning: a function definition without a prototype is deprecated in all versions of C and is not supported in C23 [-Wdeprecated-non-prototype]
  399 | local int updatewindow(strm, end, copy)
      |           ^
external/zlib/inflate.c:625:13: warning: a function definition without a prototype is deprecated in all versions of C and is not supported in C23 [-Wdeprecated-non-prototype]
  625 | int ZEXPORT inflate(strm, flush)
      |             ^
external/zlib/inflate.c:1304:13: warning: a function definition without a prototype is deprecated in all versions of C and is not supported in C23 [-Wdeprecated-non-prototype]
 1304 | int ZEXPORT inflateEnd(strm)
      |             ^
external/zlib/inflate.c:1318:13: warning: a function definition without a prototype is deprecated in all versions of C and is not supported in C23 [-Wdeprecated-non-prototype]
 1318 | int ZEXPORT inflateGetDictionary(strm, dictionary, dictLength)
      |             ^
external/zlib/inflate.c:1341:13: warning: a function definition without a prototype is deprecated in all versions of C and is not supported in C23 [-Wdeprecated-non-prototype]
 1341 | int ZEXPORT inflateSetDictionary(strm, dictionary, dictLength)
      |             ^
external/zlib/inflate.c:1376:13: warning: a function definition without a prototype is deprecated in all versions of C and is not supported in C23 [-Wdeprecated-non-prototype]
 1376 | int ZEXPORT inflateGetHeader(strm, head)
      |             ^
external/zlib/inflate.c:1404:16: warning: a function definition without a prototype is deprecated in all versions of C and is not supported in C23 [-Wdeprecated-non-prototype]
 1404 | local unsigned syncsearch(have, buf, len)
      |                ^
external/zlib/inflate.c:1427:13: warning: a function definition without a prototype is deprecated in all versions of C and is not supported in C23 [-Wdeprecated-non-prototype]
 1427 | int ZEXPORT inflateSync(strm)
      |             ^
external/zlib/inflate.c:1485:13: warning: a function definition without a prototype is deprecated in all versions of C and is not supported in C23 [-Wdeprecated-non-prototype]
 1485 | int ZEXPORT inflateSyncPoint(strm)
      |             ^
external/zlib/inflate.c:1495:13: warning: a function definition without a prototype is deprecated in all versions of C and is not supported in C23 [-Wdeprecated-non-prototype]
 1495 | int ZEXPORT inflateCopy(dest, source)
      |             ^
external/zlib/inflate.c:1542:13: warning: a function definition without a prototype is deprecated in all versions of C and is not supported in C23 [-Wdeprecated-non-prototype]
 1542 | int ZEXPORT inflateUndermine(strm, subvert)
      |             ^
external/zlib/inflate.c:1560:13: warning: a function definition without a prototype is deprecated in all versions of C and is not supported in C23 [-Wdeprecated-non-prototype]
 1560 | int ZEXPORT inflateValidate(strm, check)
      |             ^
external/zlib/inflate.c:1575:14: warning: a function definition without a prototype is deprecated in all versions of C and is not supported in C23 [-Wdeprecated-non-prototype]
 1575 | long ZEXPORT inflateMark(strm)
      |              ^
external/zlib/inflate.c:1588:23: warning: a function definition without a prototype is deprecated in all versions of C and is not supported in C23 [-Wdeprecated-non-prototype]
 1588 | unsigned long ZEXPORT inflateCodesUsed(strm)
      |                       ^
22 warnings generated.
INFO: From Compiling trees.c:
external/zlib/trees.c:379:20: warning: a function definition without a prototype is deprecated in all versions of C and is not supported in C23 [-Wdeprecated-non-prototype]
  379 | void ZLIB_INTERNAL _tr_init(s)
      |                    ^
external/zlib/trees.c:407:12: warning: a function definition without a prototype is deprecated in all versions of C and is not supported in C23 [-Wdeprecated-non-prototype]
  407 | local void init_block(s)
      |            ^
external/zlib/trees.c:451:12: warning: a function definition without a prototype is deprecated in all versions of C and is not supported in C23 [-Wdeprecated-non-prototype]
  451 | local void pqdownheap(s, tree, k)
      |            ^
external/zlib/trees.c:486:12: warning: a function definition without a prototype is deprecated in all versions of C and is not supported in C23 [-Wdeprecated-non-prototype]
  486 | local void gen_bitlen(s, desc)
      |            ^
external/zlib/trees.c:572:12: warning: a function definition without a prototype is deprecated in all versions of C and is not supported in C23 [-Wdeprecated-non-prototype]
  572 | local void gen_codes(tree, max_code, bl_count)
      |            ^
external/zlib/trees.c:615:12: warning: a function definition without a prototype is deprecated in all versions of C and is not supported in C23 [-Wdeprecated-non-prototype]
  615 | local void build_tree(s, desc)
      |            ^
external/zlib/trees.c:703:12: warning: a function definition without a prototype is deprecated in all versions of C and is not supported in C23 [-Wdeprecated-non-prototype]
  703 | local void scan_tree(s, tree, max_code)
      |            ^
external/zlib/trees.c:748:12: warning: a function definition without a prototype is deprecated in all versions of C and is not supported in C23 [-Wdeprecated-non-prototype]
  748 | local void send_tree(s, tree, max_code)
      |            ^
external/zlib/trees.c:799:11: warning: a function definition without a prototype is deprecated in all versions of C and is not supported in C23 [-Wdeprecated-non-prototype]
  799 | local int build_bl_tree(s)
      |           ^
external/zlib/trees.c:834:12: warning: a function definition without a prototype is deprecated in all versions of C and is not supported in C23 [-Wdeprecated-non-prototype]
  834 | local void send_all_trees(s, lcodes, dcodes, blcodes)
      |            ^
external/zlib/trees.c:863:20: warning: a function definition without a prototype is deprecated in all versions of C and is not supported in C23 [-Wdeprecated-non-prototype]
  863 | void ZLIB_INTERNAL _tr_stored_block(s, buf, stored_len, last)
      |                    ^
external/zlib/trees.c:887:20: warning: a function definition without a prototype is deprecated in all versions of C and is not supported in C23 [-Wdeprecated-non-prototype]
  887 | void ZLIB_INTERNAL _tr_flush_bits(s)
      |                    ^
external/zlib/trees.c:897:20: warning: a function definition without a prototype is deprecated in all versions of C and is not supported in C23 [-Wdeprecated-non-prototype]
  897 | void ZLIB_INTERNAL _tr_align(s)
      |                    ^
external/zlib/trees.c:912:20: warning: a function definition without a prototype is deprecated in all versions of C and is not supported in C23 [-Wdeprecated-non-prototype]
  912 | void ZLIB_INTERNAL _tr_flush_block(s, buf, stored_len, last)
      |                    ^
external/zlib/trees.c:1014:19: warning: a function definition without a prototype is deprecated in all versions of C and is not supported in C23 [-Wdeprecated-non-prototype]
 1014 | int ZLIB_INTERNAL _tr_tally(s, dist, lc)
      |                   ^
external/zlib/trees.c:1042:12: warning: a function definition without a prototype is deprecated in all versions of C and is not supported in C23 [-Wdeprecated-non-prototype]
 1042 | local void compress_block(s, ltree, dtree)
      |            ^
external/zlib/trees.c:1102:11: warning: a function definition without a prototype is deprecated in all versions of C and is not supported in C23 [-Wdeprecated-non-prototype]
 1102 | local int detect_data_type(s)
      |           ^
external/zlib/trees.c:1136:16: warning: a function definition without a prototype is deprecated in all versions of C and is not supported in C23 [-Wdeprecated-non-prototype]
 1136 | local unsigned bi_reverse(code, len)
      |                ^
external/zlib/trees.c:1151:12: warning: a function definition without a prototype is deprecated in all versions of C and is not supported in C23 [-Wdeprecated-non-prototype]
 1151 | local void bi_flush(s)
      |            ^
external/zlib/trees.c:1168:12: warning: a function definition without a prototype is deprecated in all versions of C and is not supported in C23 [-Wdeprecated-non-prototype]
 1168 | local void bi_windup(s)
      |            ^
20 warnings generated.
[3,242 / 4,228] [Sched] Compiling absl/container/internal/raw_hash_set.cc; 61s ... (128 actions, 16 running)
INFO: From Compiling zutil.c:
external/zlib/zutil.c:135:22: warning: a function definition without a prototype is deprecated in all versions of C and is not supported in C23 [-Wdeprecated-non-prototype]
  135 | const char * ZEXPORT zError(err)
      |                      ^
external/zlib/zutil.c:307:22: warning: a function definition without a prototype is deprecated in all versions of C and is not supported in C23 [-Wdeprecated-non-prototype]
  307 | voidpf ZLIB_INTERNAL zcalloc(opaque, items, size)
      |                      ^
external/zlib/zutil.c:317:20: warning: a function definition without a prototype is deprecated in all versions of C and is not supported in C23 [-Wdeprecated-non-prototype]
  317 | void ZLIB_INTERNAL zcfree(opaque, ptr)
      |                    ^
3 warnings generated.
[3,249 / 4,228] [Sched] Compiling src/google/protobuf/io/tokenizer.cc; 57s ... (128 actions, 17 running)
[3,252 / 4,228] [Sched] Compiling src/google/protobuf/io/zero_copy_stream_impl.cc; 57s ... (128 actions, 17 running)
[3,254 / 4,228] [Sched] Compiling src/google/protobuf/io/zero_copy_stream_impl_lite.cc; 58s ... (128 actions, 16 running)
[3,255 / 4,228] [Sched] Compiling src/google/protobuf/io/io_win32.cc; 59s ... (128 actions, 16 running)
[3,255 / 4,228] [Sched] Compiling src/google/protobuf/arena.cc; 60s ... (128 actions, 17 running)
[3,262 / 4,228] [Sched] Compiling src/logging.cc; 57s ... (128 actions, 16 running)
[3,265 / 4,228] [Sched] Compiling src/symbolize.cc; 57s ... (128 actions, 16 running)
[3,266 / 4,228] [Sched] Compiling src/utilities.cc; 58s ... (128 actions, 16 running)
[3,268 / 4,228] [Sched] Compiling mediapipe/framework/deps/ret_check.cc; 58s ... (128 actions, 16 running)
[3,269 / 4,228] [Sched] Compiling mediapipe/framework/deps/status.cc; 59s ... (128 actions, 16 running)
[3,272 / 4,228] [Sched] Compiling absl/log/internal/conditions.cc; 59s ... (128 actions, 16 running)
[3,275 / 4,228] [Sched] Compiling external/com_google_protobuf/src/google/protobuf/_virtual_imports/any_proto/google/protobuf/any.pb.cc; 59s ... (128 actions, 16 running)
[3,281 / 4,228] [Sched] Compiling absl/log/globals.cc; 55s ... (128 actions, 16 running)
[3,282 / 4,228] [Sched] Compiling absl/hash/internal/city.cc; 55s ... (128 actions, 17 running)
[3,285 / 4,228] [Sched] Compiling absl/log/log_entry.cc; 53s ... (128 actions, 17 running)
[3,286 / 4,228] [Sched] Compiling absl/log/log_entry.cc; 54s ... (128 actions, 16 running)
[3,288 / 4,228] [Sched] Compiling absl/status/internal/status_internal.cc; 54s ... (128 actions, 16 running)
[3,293 / 4,228] [Sched] Compiling absl/strings/cord.cc; 54s ... (128 actions, 16 running)
[3,299 / 4,228] [Sched] Compiling absl/strings/internal/cord_rep_btree.cc; 52s ... (128 actions, 16 running)
[3,301 / 4,228] [Sched] Generating proto_library //mediapipe/framework:mediapipe_options_proto; 52s ... (128 actions, 16 running)
[3,303 / 4,228] [Sched] Compiling absl/strings/internal/cord_rep_consume.cc; 50s ... (128 actions, 16 running)
[3,305 / 4,228] [Sched] Compiling absl/strings/internal/cord_rep_crc.cc; 48s ... (128 actions, 16 running)
[3,306 / 4,228] [Sched] Compiling absl/strings/internal/cordz_functions.cc; 48s ... (128 actions, 16 running)
[3,309 / 4,228] [Sched] Compiling absl/synchronization/barrier.cc; 48s ... (128 actions, 16 running)
[3,314 / 4,228] [Sched] Compiling absl/synchronization/internal/pthread_waiter.cc; 44s ... (128 actions, 16 running)
[3,317 / 4,228] [Sched] Dexing external/maven/_dx/androidx_legacy_legacy_support_core_utils/classes_and_libs_merged.jar_desugared.jar with applicable dexopts []; 44s ... (128 actions, 17 running)
[3,319 / 4,228] [Sched] Compiling absl/synchronization/mutex.cc; 42s ... (128 actions, 17 running)
[3,323 / 4,228] [Sched] Compiling absl/synchronization/internal/kernel_timeout.cc; 40s ... (128 actions, 16 running)
[3,323 / 4,228] [Sched] Compiling absl/debugging/stacktrace.cc; 42s ... (128 actions, 17 running)
[3,327 / 4,228] [Sched] Compiling absl/debugging/internal/elf_mem_image.cc; 41s ... (128 actions, 16 running)
[3,332 / 4,228] [Sched] Compiling absl/time/clock.cc; 37s ... (128 actions, 17 running)
[3,339 / 4,228] [Sched] Compiling absl/time/internal/cctz/src/time_zone_if.cc; 37s ... (128 actions, 16 running)
[3,340 / 4,228] [Sched] Generating proto_library @com_google_protobuf//src/google/protobuf:field_mask_proto; 37s ... (128 actions, 17 running)
[3,341 / 4,228] [Sched] Generating proto_library @com_google_protobuf//src/google/protobuf:field_mask_proto; 38s ... (128 actions, 16 running)
[3,344 / 4,228] [Sched] Compiling absl/time/internal/cctz/src/time_zone_libc.cc; 39s ... (128 actions, 16 running)
[3,349 / 4,228] [Sched] Generating flatbuffer files for serialization_cc_fbs_srcs: @@org_tensorflow//tensorflow/lite/delegates/gpu/cl:serialization_cc_fbs_srcs; 39s ... (128 actions, 16 running)
[3,350 / 4,228] [Sched] Compiling absl/crc/internal/crc_cord_state.cc; 40s ... (128 actions, 16 running)
[3,354 / 4,228] [Sched] Compiling absl/crc/internal/crc_non_temporal_memcpy.cc; 40s ... (128 actions, 16 running)
[3,360 / 4,228] [Sched] Compiling absl/strings/internal/str_format/float_conversion.cc; 40s ... (128 actions, 16 running)
[3,361 / 4,228] [Sched] Compiling absl/strings/internal/str_format/output.cc; 41s ... (128 actions, 16 running)
[3,365 / 4,228] [Sched] Compiling absl/types/bad_optional_access.cc; 41s ... (128 actions, 16 running)
[3,366 / 4,228] [Sched] Compiling absl/types/bad_variant_access.cc; 41s ... (128 actions, 16 running)
[3,370 / 4,228] [Sched] Compiling absl/strings/internal/charconv_bigint.cc; 38s ... (127 actions, 17 running)
[3,377 / 4,228] [Sched] Merging Android assets for @@maven//:androidx_appcompat_appcompat; 37s ... (128 actions, 17 running)
[3,379 / 4,228] [Sched] Compiling external/com_google_protobuf/src/google/protobuf/_virtual_imports/type_proto/google/protobuf/type.pb.cc; 37s ... (128 actions, 17 running)
[3,381 / 4,228] [Sched] Compiling src/google/protobuf/util/type_resolver_util.cc; 37s ... (128 actions, 16 running)
[3,388 / 4,228] [Sched] Compiling src/google/protobuf/json/internal/unparser.cc; 36s ... (128 actions, 16 running)
[3,391 / 4,228] [Sched] Compiling tensorflow/compiler/mlir/lite/core/model_builder_base.cc; 36s ... (128 actions, 16 running)
[3,394 / 4,228] [Sched] Merging compiled Android resources for @@maven//:androidx_camera_camera_lifecycle; 36s ... (128 actions, 16 running)
[3,399 / 4,228] [Sched] Merging compiled Android resources for @@maven//:androidx_slidingpanelayout_slidingpanelayout; 34s ... (128 actions, 17 running)
[3,401 / 4,228] [Sched] Generating Descriptor Set proto_library @com_google_protobuf//src/google/protobuf:empty_proto; 35s ... (128 actions, 16 running)
[3,401 / 4,228] [Sched] Merging compiled Android resources for @@maven//:androidx_customview_customview; 36s ... (128 actions, 17 running)
[3,403 / 4,228] [Sched] Compiling src/google/protobuf/json/internal/parser.cc; 37s ... (128 actions, 16 running)
[3,405 / 4,228] [Sched] Compiling tensorflow/lite/arena_planner.cc; 38s ... (128 actions, 16 running)
[3,406 / 4,228] [Sched] Compiling tensorflow/lite/core/api/tensor_utils.cc; 39s ... (128 actions, 16 running)
[3,408 / 4,228] [Sched] Compiling tensorflow/lite/kernels/eigen_support.cc; 39s ... (128 actions, 17 running)
[3,411 / 4,228] [Sched] Compiling tensorflow/compiler/mlir/lite/tools/versioning/op_signature.cc; 40s ... (128 actions, 16 running)
[3,415 / 4,228] [Sched] Compiling mediapipe/framework/mediapipe_options.pb.cc; 39s ... (128 actions, 16 running)
[3,418 / 4,228] [Sched] Merging compiled Android resources for @@maven//:androidx_coordinatorlayout_coordinatorlayout; 38s ... (128 actions, 16 running)
[3,421 / 4,228] [Sched] Compiling src/google/protobuf/json/json.cc; 38s ... (128 actions, 16 running)
[3,422 / 4,228] [Sched] Merging compiled Android resources for @@maven//:androidx_appcompat_appcompat_resources; 39s ... (128 actions, 16 running)
[3,424 / 4,228] [Sched] Compiling tensorflow/lite/tools/versioning/gpu_compatibility.cc; 39s ... (128 actions, 16 running)
[3,425 / 4,228] [Sched] Merging compiled Android resources for @@maven//:androidx_legacy_legacy_support_core_ui; 40s ... (128 actions, 17 running)
[3,427 / 4,228] [Sched] Desugaring external/maven/_aar/androidx_swiperefreshlayout_swiperefreshlayout/classes_and_libs_merged.jar for Android; 40s ... (128 actions, 16 running)
[3,431 / 4,228] [Sched] Generating proto_library //mediapipe/tasks/cc/vision/face_landmarker/proto:face_landmarks_detector_graph_options_proto; 40s ... (128 actions, 16 running)
[3,434 / 4,228] [Sched] Compiling tensorflow/lite/profiling/telemetry/profiler.cc; 41s ... (128 actions, 16 running)
[3,439 / 4,228] [Sched] Compiling tensorflow/lite/core/subgraph.cc; 38s ... (128 actions, 16 running)
[3,441 / 4,228] [Sched] Compiling mediapipe/framework/executor.cc; 39s ... (128 actions, 16 running)
[3,442 / 4,228] [Sched] Generating proto_library //mediapipe/gpu:gl_context_options_proto; 40s ... (128 actions, 16 running)
[3,444 / 4,228] [Sched] Merging compiled Android resources for @@maven//:androidx_legacy_legacy_support_v4; 40s ... (128 actions, 18 running)
[3,447 / 4,228] [Sched] Compiling tensorflow/lite/delegates/utils.cc; 41s ... (128 actions, 16 running)
[3,449 / 4,228] [Sched] Compiling tensorflow/lite/core/signature_runner.cc; 41s ... (128 actions, 16 running)
[3,451 / 4,228] [Sched] Compiling tensorflow/lite/delegates/nnapi/quant_lstm_sup.cc; 42s ... (128 actions, 16 running)
[3,452 / 4,228] [Sched] Compiling tensorflow/lite/delegates/nnapi/nnapi_delegate.cc; 42s ... (128 actions, 17 running)
[3,456 / 4,228] [Sched] Compiling tensorflow/lite/delegates/telemetry.cc; 41s ... (128 actions, 16 running)
[3,456 / 4,228] [Sched] Merging compiled Android resources for //mediapipe/java/com/google/mediapipe/framework/image:image; 42s ... (128 actions, 17 running)
[3,458 / 4,228] [Sched] Compiling tensorflow/lite/delegates/gpu/gl/kernels/mediapipe/transform_tensor_bilinear.cc; 43s ... (128 actions, 17 running)
[3,460 / 4,228] [Sched] Generating proto_library //mediapipe/tasks/cc/core/proto:base_options_proto; 44s ... (128 actions, 16 running)
[3,462 / 4,228] [Sched] Compiling tensorflow/lite/core/api/flatbuffer_conversions.cc; 43s ... (128 actions, 17 running)
[3,464 / 4,228] [Sched] Compiling tensorflow/lite/kernels/control_flow_common.cc; 44s ... (128 actions, 16 running)
[3,465 / 4,228] [Sched] Compiling tensorflow/lite/delegates/gpu/common/lstm_parser.cc; 45s ... (127 actions, 16 running)
[3,468 / 4,228] [Sched] Compiling tensorflow/lite/delegates/gpu/gl/kernels/mediapipe/transform_landmarks.cc; 45s ... (128 actions, 16 running)
[3,472 / 4,228] [Sched] Generating proto_library //mediapipe/tasks/cc/core/proto:external_file_proto; 46s ... (128 actions, 16 running)
[3,475 / 4,228] [Sched] Generating proto_library //mediapipe/framework:thread_pool_executor_proto; 45s ... (128 actions, 16 running)
[3,478 / 4,228] [Sched] Compiling tensorflow/lite/delegates/gpu/common/mediapipe/custom_transformations.cc; 45s ... (128 actions, 16 running)
[3,479 / 4,228] [Sched] Generating proto_library //mediapipe/framework:graph_runtime_info_proto; 45s ... (128 actions, 16 running)
[3,479 / 4,228] [Sched] Compiling tensorflow/lite/delegates/gpu/common/transformations/model_transformations.cc; 47s ... (128 actions, 17 running)
[3,480 / 4,228] [Sched] Compiling tensorflow/lite/delegates/gpu/common/transformations/model_transformations.cc; 48s ... (128 actions, 16 running)
[3,483 / 4,228] [Sched] Generating proto_library //mediapipe/tasks/cc/vision/face_landmarker/proto:face_landmarker_graph_options_proto; 49s ... (128 actions, 16 running)
[3,486 / 4,228] [Sched] Compiling mediapipe/calculators/core/flow_limiter_calculator.pb.cc; 50s ... (128 actions, 16 running)
[3,487 / 4,228] [Sched] Compiling mediapipe/gpu/gl_surface_sink_calculator.pb.cc; 50s ... (128 actions, 16 running)
[3,489 / 4,228] [Sched] Generating proto_library //mediapipe/framework/stream_handler:default_input_stream_handler_proto; 51s ... (128 actions, 16 running)
[3,491 / 4,228] [Sched] Generating proto_library //mediapipe/tasks/cc/vision/face_landmarker/proto:face_blendshapes_graph_options_proto; 51s ... (128 actions, 16 running)
[3,499 / 4,228] [Sched] Generating proto_library //mediapipe/framework/formats/annotation:rasterization_proto; 50s ... (128 actions, 17 running)
[3,511 / 4,228] [Sched] Linking static android resource library for @@maven//:androidx_viewpager_viewpager; 48s ... (128 actions, 16 running)
[3,515 / 4,228] [Sched] Generating proto_library //mediapipe/calculators/core:split_vector_calculator_proto; 45s ... (128 actions, 16 running)
[3,515 / 4,228] [Sched] Generating proto_library //mediapipe/framework/stream_handler:fixed_size_input_stream_handler_proto; 46s ... (128 actions, 17 running)
[3,518 / 4,228] [Sched] Compiling mediapipe/framework/formats/rect.pb.cc; 45s ... (128 actions, 17 running)
[3,522 / 4,228] [Sched] Linking static android resource library for @@maven//:androidx_slidingpanelayout_slidingpanelayout; 45s ... (128 actions, 17 running)
[3,530 / 4,228] [Sched] Compiling tensorflow/lite/delegates/gpu/cl/tensor_type_util.cc; 44s ... (128 actions, 16 running)
[3,533 / 4,228] [Sched] Linking static android resource library for @@maven//:androidx_drawerlayout_drawerlayout; 44s ... (128 actions, 16 running)
[3,536 / 4,228] [Sched] Linking static android resource library for @@maven//:androidx_coordinatorlayout_coordinatorlayout; 42s ... (128 actions, 17 running)
[3,539 / 4,228] [Sched] Linking static android resource library for @@maven//:androidx_appcompat_appcompat_resources; 43s ... (128 actions, 16 running)
[3,544 / 4,228] [Sched] Desugaring external/maven/_aar/androidx_recyclerview_recyclerview/classes_and_libs_merged.jar for Android; 42s ... (128 actions, 16 running)
[3,547 / 4,228] [Sched] Compiling tensorflow/lite/delegates/xnnpack/weight_cache.cc; 43s ... (128 actions, 16 running)
[3,549 / 4,228] [Sched] Linking static android resource library for @@maven//:androidx_legacy_legacy_support_core_ui; 44s ... (128 actions, 16 running)
[3,549 / 4,228] [Sched] Compiling tensorflow/lite/core/interpreter_builder.cc; 46s ... (128 actions, 17 running)
[3,552 / 4,228] [Sched] Linking static android resource library for @@maven//:androidx_activity_activity; 45s ... (128 actions, 16 running)
[3,556 / 4,228] [Sched] Compiling tensorflow/lite/delegates/gpu/common/task/arguments.cc; 44s ... (128 actions, 16 running)
[3,561 / 4,228] [Sched] Desugaring external/maven/_aar/androidx_slidingpanelayout_slidingpanelayout/classes_and_libs_merged.jar for Android; 43s ... (128 actions, 16 running)
[3,566 / 4,228] [Sched] Desugaring external/maven/_aar/androidx_drawerlayout_drawerlayout/classes_and_libs_merged.jar for Android; 42s ... (128 actions, 16 running)
[3,568 / 4,228] [Sched] Desugaring external/maven/_aar/androidx_appcompat_appcompat_resources/classes_and_libs_merged.jar for Android; 40s ... (128 actions, 16 running)
[3,570 / 4,228] [Sched] Linking static android resource library for //mediapipe/examples/android/src/java/com/google/mediapipe/apps/basic:basic_lib; 40s ... (128 actions, 16 running)
[3,571 / 4,228] [Sched] Desugaring external/maven/_aar/androidx_coordinatorlayout_coordinatorlayout/classes_and_libs_merged.jar for Android; 41s ... (128 actions, 16 running)
[3,571 / 4,228] [Sched] Desugaring external/maven/_aar/androidx_fragment_fragment/classes_and_libs_merged.jar for Android; 41s ... (128 actions, 17 running)
[3,576 / 4,228] [Sched] Compiling tensorflow/lite/delegates/gpu/common/task/serialization_base.cc; 38s ... (128 actions, 17 running)
[3,579 / 4,228] [Sched] Desugaring external/maven/_aar/androidx_legacy_legacy_support_core_ui/classes_and_libs_merged.jar for Android; 39s ... (128 actions, 17 running)
[3,580 / 4,228] [Sched] Desugaring external/maven/_aar/androidx_legacy_legacy_support_core_ui/classes_and_libs_merged.jar for Android; 41s ... (128 actions, 16 running)
[3,581 / 4,228] [Sched] Compiling tensorflow/lite/delegates/gpu/cl/tensor.cc; 42s ... (128 actions, 16 running)
[3,583 / 4,228] [Sched] Compiling tensorflow/lite/delegates/gpu/common/selectors/subgraph.cc; 42s ... (128 actions, 16 running)
[3,585 / 4,228] [Sched] Compiling mediapipe/tasks/cc/core/proto/external_file.pb.cc; 43s ... (128 actions, 16 running)
INFO: From Merging manifest for //mediapipe/examples/android/src/java/com/google/mediapipe/apps/faceheadroigpu:faceheadroigpu:
Warning: C:\users\gregb\_bazel_gregb\au7dswig\execroot\mediapipe\mediapipe\examples\android\src\java\com\google\mediapipe\apps\basic\AndroidManifest.xml Warning:
	Package name 'com.google.mediapipe.apps.basic' used in: AndroidManifest.xml, //mediapipe/examples/android/src/java/com/google/mediapipe/apps/basic:basic_lib.
[3,589 / 4,228] [Sched] Compiling mediapipe/framework/tool/executor_util.cc; 42s ... (128 actions, 16 running)
[3,591 / 4,228] [Sched] Desugaring external/maven/_aar/androidx_legacy_legacy_support_v4/classes_and_libs_merged.jar for Android; 40s ... (128 actions, 16 running)
[3,595 / 4,228] [Sched] Compiling mediapipe/tasks/cc/metadata/metadata_extractor.cc; 39s ... (128 actions, 16 running)
INFO: From Building mediapipe/java/com/google/mediapipe/framework/image/libimage.jar (14 source files) and running annotation processors (AutoValueProcessor, AutoBuilderProcessor):
warning: [options] source value 8 is obsolete and will be removed in a future release
warning: [options] target value 8 is obsolete and will be removed in a future release
warning: [options] To suppress warnings about obsolete options, use -Xlint:-options.
[3,595 / 4,228] [Sched] Compiling mediapipe/tasks/cc/core/proto/acceleration.pb.cc; 40s ... (128 actions, 17 running)
[3,596 / 4,228] [Sched] Compiling mediapipe/tasks/cc/core/proto/acceleration.pb.cc; 41s ... (128 actions, 16 running)
[3,598 / 4,228] [Sched] Compiling tensorflow/lite/delegates/gpu/common/tasks/special/conv_pointwise.cc; 41s ... (128 actions, 16 running)
[3,599 / 4,228] [Sched] Generating proto_library //mediapipe/calculators/util:rect_transformation_calculator_proto; 41s ... (128 actions, 16 running)
[3,599 / 4,228] [Sched] Generating proto_library //mediapipe/calculators/util:landmarks_to_detection_calculator_proto; 42s ... (128 actions, 17 running)
[3,603 / 4,228] [Sched] Compiling tensorflow/lite/delegates/gpu/common/tasks/relu.cc; 41s ... (128 actions, 17 running)
[3,608 / 4,228] [Sched] Compiling mediapipe/tasks/cc/vision/face_geometry/calculators/geometry_pipeline_calculator.pb.cc; 41s ... (128 actions, 17 running)
[3,610 / 4,228] [Sched] Generating proto_library //mediapipe/calculators/tensor:tensors_to_landmarks_calculator_proto; 43s ... (128 actions, 16 running)
[3,611 / 4,228] [Sched] Generating proto_library //mediapipe/calculators/tensor:tensors_to_floats_calculator_proto; 44s ... (128 actions, 16 running)
[3,615 / 4,228] [Sched] Compiling mediapipe/framework/formats/annotation/rasterization.pb.cc; 45s ... (128 actions, 16 running)
[3,620 / 4,228] [Sched] Compiling mediapipe/framework/formats/location_data.pb.cc; 45s ... (127 actions, 16 running)
[3,620 / 4,228] [Sched] Compiling mediapipe/framework/formats/location_data.pb.cc; 46s ... (128 actions, 16 running)
[3,623 / 4,228] [Sched] Generating proto_library //mediapipe/calculators/core:concatenate_vector_calculator_proto; 47s ... (128 actions, 16 running)
[3,625 / 4,228] [Sched] Compiling mediapipe/framework/formats/detection.pb.cc; 48s ... (128 actions, 16 running)
[3,626 / 4,228] [Sched] Compiling mediapipe/framework/formats/matrix_data.pb.cc; 49s ... (128 actions, 16 running)
[3,628 / 4,228] [Sched] Compiling mediapipe/calculators/core/split_vector_calculator.pb.cc; 46s ... (128 actions, 16 running)
[3,629 / 4,228] [Sched] Generating proto_library //mediapipe/framework/formats:classification_proto; 47s ... (128 actions, 17 running)
[3,631 / 4,228] [Sched] Generating proto_library //mediapipe/framework/formats:landmark_proto; 48s ... (128 actions, 16 running)
[3,633 / 4,228] [Sched] Dexing external/maven/_dx/androidx_camera_camera_camera2/classes_and_libs_merged.jar_desugared.jar with applicable dexopts []; 48s ... (128 actions, 17 running)
[3,638 / 4,228] [Sched] Generating proto_library //mediapipe/tasks/cc/core/proto:inference_subgraph_proto; 48s ... (128 actions, 17 running)
[3,640 / 4,228] [Sched] Generating Descriptor Set proto_library //mediapipe/framework:status_handler_proto; 49s ... (128 actions, 16 running)
[3,641 / 4,228] [Sched] Compiling tensorflow/lite/optional_debug_tools.cc; 50s ... (128 actions, 16 running)
[3,642 / 4,228] [Sched] Generating Descriptor Set proto_library //mediapipe/framework:stream_handler_proto; 50s ... (128 actions, 16 running)
[3,642 / 4,228] [Sched] Compiling mediapipe/framework/tool/graph_runtime_info_utils.cc; 53s ... (128 actions, 17 running)
[3,645 / 4,228] [Sched] Compiling mediapipe/tasks/cc/core/model_asset_bundle_resources.cc; 53s ... (128 actions, 16 running)
[3,648 / 4,228] [Sched] Generating proto_library @com_google_protobuf//src/google/protobuf:source_context_proto [for tool]; 53s ... (128 actions, 16 running)
[3,652 / 4,228] [Sched] Compiling tensorflow/lite/delegates/gpu/common/tasks/elementwise.cc; 53s ... (128 actions, 16 running)
[3,657 / 4,228] [Sched] Compiling tensorflow/lite/kernels/var_handle.cc; 53s ... (128 actions, 16 running)
[3,660 / 4,228] [Sched] Compiling mediapipe/util/tflite/tflite_signature_reader.cc; 54s ... (128 actions, 16 running)
[3,660 / 4,228] [Sched] Dexing external/maven/_dx/androidx_recyclerview_recyclerview/classes_and_libs_merged.jar_desugared.jar with applicable dexopts []; 56s ... (128 actions, 17 running)
[3,661 / 4,228] [Sched] Dexing external/maven/_dx/androidx_recyclerview_recyclerview/classes_and_libs_merged.jar_desugared.jar with applicable dexopts []; 58s ... (128 actions, 16 running)
[3,664 / 4,228] [Sched] Compiling mediapipe/framework/tool/calculator_graph_template.pb.cc; 55s ... (128 actions, 16 running)
[3,665 / 4,228] [Sched] Compiling tensorflow/lite/delegates/gpu/cl/cl_arguments.cc; 55s ... (128 actions, 16 running)
[3,665 / 4,228] [Sched] Generating proto_library @com_google_protobuf//src/google/protobuf:any_proto [for tool]; 57s ... (128 actions, 17 running)
[3,666 / 4,228] [Sched] Generating proto_library @com_google_protobuf//src/google/protobuf:any_proto [for tool]; 58s ... (128 actions, 16 running)
[3,666 / 4,228] [Sched] Compiling mediapipe/tasks/cc/vision/face_landmarker/proto/face_blendshapes_graph_options.pb.cc; 59s ... (128 actions, 17 running)
[3,667 / 4,228] [Sched] Compiling mediapipe/tasks/cc/vision/face_landmarker/proto/face_blendshapes_graph_options.pb.cc; 60s ... (128 actions, 16 running)
[3,668 / 4,228] [Sched] Compiling tensorflow/lite/delegates/gpu/common/tasks/special/thin_pointwise_fuser.cc; 61s ... (128 actions, 16 running)
[3,670 / 4,228] [Sched] Compiling mediapipe/framework/thread_pool_executor.pb.cc; 61s ... (128 actions, 16 running)
[3,675 / 4,228] [Sched] Dexing external/maven/_dx/androidx_viewpager_viewpager/classes_and_libs_merged.jar_desugared.jar with applicable dexopts []; 61s ... (128 actions, 16 running)
[3,676 / 4,228] [Sched] Compiling mediapipe/framework/formats/image_format.pb.cc; 62s ... (128 actions, 16 running)
[3,679 / 4,228] [Sched] Compiling mediapipe/calculators/image/image_clone_calculator.pb.cc; 63s ... (128 actions, 16 running)
[3,682 / 4,228] [Sched] Compiling mediapipe/tasks/cc/vision/face_detector/proto/face_detector_graph_options.pb.cc; 64s ... (128 actions, 16 running)
[3,683 / 4,228] [Sched] Generating proto_library @com_google_protobuf//src/google/protobuf:struct_proto [for tool]; 64s ... (128 actions, 16 running)
[3,684 / 4,228] [Sched] Dexing external/maven/_dx/androidx_drawerlayout_drawerlayout/classes_and_libs_merged.jar_desugared.jar with applicable dexopts []; 65s ... (128 actions, 16 running)
[3,684 / 4,228] [Sched] Compiling tensorflow/lite/delegates/gpu/common/tasks/mean_stddev_normalization.cc; 65s ... (128 actions, 17 running)
[3,686 / 4,228] [Sched] Dexing external/maven/_dx/androidx_appcompat_appcompat_resources/classes_and_libs_merged.jar_desugared.jar with applicable dexopts []; 67s ... (128 actions, 16 running)
[3,688 / 4,228] [Sched] Compiling tensorflow/lite/core/tools/verifier.cc; 65s ... (128 actions, 17 running)
INFO: From Dexing external/maven/_dx/androidx_viewpager_viewpager/classes_and_libs_merged.jar_desugared.jar with applicable dexopts []:
Info: Stripped invalid locals information from 1 method.
Info in bazel-out\arm64-v8a-opt-android-ST-137734acc612\bin\external\maven\_dx\androidx_viewpager_viewpager\classes_and_libs_merged.jar_desugared.jar:androidx/viewpager/widget/PagerTitleStrip.class:
Methods with invalid locals information:
  void androidx.viewpager.widget.PagerTitleStrip.updateTextPositions(int, float, boolean)
  Information in locals-table is invalid with respect to the stack map table. Local refers to non-present stack map type for register: 37 with constraint INT.
Info: Some warnings are typically a sign of using an outdated Java toolchain. To fix, recompile the source with an updated toolchain.
[3,690 / 4,228] [Sched] Dexing external/maven/_dx/androidx_coordinatorlayout_coordinatorlayout/classes_and_libs_merged.jar_desugared.jar with applicable dexopts []; 66s ... (128 actions, 16 running)
[3,691 / 4,228] [Sched] Generating proto_library @com_google_protobuf//src/google/protobuf:duration_proto [for tool]; 67s ... (128 actions, 16 running)
[3,691 / 4,228] [Sched] Compiling mediapipe/tasks/cc/vision/face_landmarker/proto/face_landmarker_graph_options.pb.cc; 68s ... (128 actions, 17 running)
[3,692 / 4,228] [Sched] Dexing external/maven/_dx/androidx_fragment_fragment/classes_and_libs_merged.jar_desugared.jar with applicable dexopts []; 69s ... (128 actions, 17 running)
[3,693 / 4,228] [Sched] Compiling tensorflow/lite/delegates/gpu/common/model_builder.cc; 70s ... (128 actions, 17 running)
[3,694 / 4,228] [Sched] Generating proto_library @com_google_protobuf//src/google/protobuf:field_mask_proto [for tool]; 71s ... (128 actions, 17 running)
[3,702 / 4,228] [Sched] Generating proto_library @com_google_protobuf//src/google/protobuf:timestamp_proto [for tool]; 67s ... (128 actions, 17 running)
[3,706 / 4,228] [Sched] Generating proto_library @com_google_protobuf//src/google/protobuf:wrappers_proto [for tool]; 67s ... (128 actions, 16 running)
[3,706 / 4,228] [Sched] Compiling tensorflow/lite/delegates/gpu/common/selectors/special_selector.cc; 69s ... (128 actions, 17 running)
[3,708 / 4,228] [Sched] Compiling tensorflow/lite/kernels/rng_bit_generator.cc; 70s ... (128 actions, 16 running)
[3,710 / 4,228] [Sched] Compiling tensorflow/lite/kernels/assign_variable.cc; 70s ... (128 actions, 16 running)
[3,710 / 4,228] [Sched] Compiling tensorflow/lite/core/kernels/register.cc; 71s ... (128 actions, 17 running)
[3,714 / 4,228] [Sched] Dexing external/maven/_dx/androidx_legacy_legacy_support_v4/classes_and_libs_merged.jar_desugared.jar with applicable dexopts []; 72s ... (128 actions, 16 running)
[3,715 / 4,228] [Sched] Compiling mediapipe/util/render_data.pb.cc; 73s ... (128 actions, 17 running)
[3,716 / 4,228] [Sched] Compiling mediapipe/util/render_data.pb.cc; 74s ... (128 actions, 16 running)
[3,716 / 4,228] [Sched] Desugaring mediapipe/java/com/google/mediapipe/framework/image/libimage.jar for Android; 75s ... (128 actions, 17 running)
[3,724 / 4,228] [Sched] Compiling tensorflow/lite/delegates/gpu/common/tasks/space_to_depth.cc; 71s ... (128 actions, 17 running)
[3,726 / 4,228] [Sched] Compiling tensorflow/lite/kernels/read_variable.cc; 72s ... (128 actions, 16 running)
[3,727 / 4,228] [Sched] Compiling mediapipe/calculators/util/landmarks_smoothing_calculator.pb.cc; 73s ... (128 actions, 16 running)
[3,727 / 4,228] [Sched] Dexing external/maven/_dx/androidx_appcompat_appcompat/classes_and_libs_merged.jar_desugared.jar with applicable dexopts []; 74s ... (128 actions, 17 running)
[3,728 / 4,228] [Sched] Compiling mediapipe/calculators/util/landmark_projection_calculator.pb.cc; 75s ... (128 actions, 17 running)
[3,730 / 4,228] [Sched] Generating proto_library @com_google_protobuf//src/google/protobuf:duration_proto; 76s ... (128 actions, 17 running)
[3,731 / 4,228] [Sched] Generating proto_library @com_google_protobuf//src/google/protobuf:duration_proto; 77s ... (128 actions, 16 running)
[3,731 / 4,228] [Sched] Compiling mediapipe/calculators/util/detections_to_rects_calculator.pb.cc; 79s ... (128 actions, 17 running)
[3,733 / 4,228] [Sched] Compiling mediapipe/calculators/tensor/tensors_to_landmarks_calculator.pb.cc; 78s ... (128 actions, 17 running)
[3,738 / 4,228] [Sched] Compiling tensorflow/lite/kernels/activations.cc; 79s ... (128 actions, 16 running)
[3,739 / 4,228] [Sched] Compiling mediapipe/calculators/tensor/tensors_to_floats_calculator.pb.cc; 79s ... (128 actions, 16 running)
[3,739 / 4,228] [Sched] Compiling tensorflow/lite/kernels/add.cc; 82s ... (128 actions, 17 running)
[3,743 / 4,228] [Sched] Compiling mediapipe/calculators/tensor/image_to_tensor_calculator.pb.cc; 83s ... (128 actions, 16 running)
[3,743 / 4,228] [Sched] Linking mediapipe/calculators/tensor/libinference_calculator_proto.so; 84s ... (128 actions, 17 running)
[3,746 / 4,228] [Sched] Compiling tensorflow/lite/delegates/gpu/common/tasks/softmax1x1.cc; 83s ... (128 actions, 16 running)
[3,747 / 4,228] [Sched] Linking mediapipe/calculators/tensor/libinference_calculator_proto.a; 84s ... (128 actions, 16 running)
INFO: From Processing Android resources for //mediapipe/examples/android/src/java/com/google/mediapipe/apps/faceheadroigpu:faceheadroigpu:
Warning: C:\users\gregb\_bazel_gregb\au7dswig\execroot\mediapipe\bazel-out\arm64-v8a-opt\bin\mediapipe\examples\android\src\java\com\google\mediapipe\apps\faceheadroigpu\_merged\faceheadroigpu\AndroidManifest.xml:55:9-64:20 Warning:
	Element activity#com.google.mediapipe.apps.faceheadroigpu.MainActivity at AndroidManifest.xml:55:9-64:20 duplicated with element declared at AndroidManifest.xml:25:9-34:20
[3,752 / 4,228] [Sched] Compiling tensorflow/lite/delegates/gpu/common/tasks/select_v2.cc; 82s ... (128 actions, 16 running)
[3,753 / 4,228] [Sched] Compiling mediapipe/calculators/util/landmarks_refinement_calculator.pb.cc; 82s ... (128 actions, 16 running)
[3,754 / 4,228] [Sched] Compiling tensorflow/lite/kernels/arg_min_max.cc; 83s ... (128 actions, 16 running)
[3,754 / 4,228] [Sched] Compiling tensorflow/lite/delegates/gpu/common/tasks/resize.cc; 84s ... (128 actions, 17 running)
[3,755 / 4,228] [Sched] Compiling tensorflow/lite/kernels/atan2.cc; 84s ... (128 actions, 17 running)
[3,758 / 4,228] [Sched] Compiling tensorflow/lite/kernels/audio_spectrogram.cc; 84s ... (128 actions, 16 running)
[3,759 / 4,228] [Sched] Compiling mediapipe/framework/formats/classification.pb.cc; 86s ... (128 actions, 16 running)
[3,759 / 4,228] [Sched] Compiling mediapipe/framework/formats/landmark.pb.cc; 88s ... (128 actions, 17 running)
[3,763 / 4,228] [Sched] Compiling tensorflow/lite/kernels/batch_matmul.cc; 88s ... (128 actions, 17 running)
[3,766 / 4,228] [Sched] Compiling tensorflow/lite/delegates/gpu/common/tasks/reshapex4.cc; 88s ... (128 actions, 16 running)
[3,766 / 4,228] [Sched] Compiling tensorflow/lite/kernels/bidirectional_sequence_lstm.cc; 85s ... (128 actions, 17 running)
[3,769 / 4,228] [Sched] Compiling tensorflow/lite/delegates/gpu/common/tasks/resampler.cc; 86s ... (128 actions, 16 running)
[3,771 / 4,228] [Sched] Compiling tensorflow/lite/kernels/bidirectional_sequence_rnn.cc; 86s ... (128 actions, 16 running)
[3,772 / 4,228] [Sched] Compiling tensorflow/lite/kernels/bitcast.cc; 87s ... (128 actions, 16 running)
[3,773 / 4,228] [Sched] Generating Descriptor Set proto_library //mediapipe/framework:calculator_proto; 88s ... (128 actions, 16 running)
[3,773 / 4,228] [Sched] Compiling tensorflow/lite/delegates/gpu/common/tasks/reduce.cc; 89s ... (128 actions, 17 running)
[3,778 / 4,228] [Sched] Compiling external/com_google_protobuf/src/google/protobuf/_virtual_imports/source_context_proto/google/protobuf/source_context.pb.cc [for tool]; 89s ... (128 actions, 16 running)
[3,780 / 4,228] [Sched] Compiling tensorflow/lite/kernels/broadcast_args.cc; 89s ... (128 actions, 16 running)
[3,780 / 4,228] [Sched] Compiling tensorflow/lite/kernels/broadcast_to.cc; 92s ... (128 actions, 17 running)
[3,786 / 4,228] [Sched] Compiling tensorflow/lite/kernels/call_once.cc; 88s ... (128 actions, 16 running)
[3,788 / 4,228] [Sched] Compiling tensorflow/lite/kernels/ceil.cc; 82s ... (128 actions, 17 running)
[3,789 / 4,228] [Sched] Compiling tensorflow/lite/kernels/ceil.cc; 83s ... (128 actions, 16 running)
[3,789 / 4,228] [Sched] Compiling tensorflow/lite/delegates/gpu/common/tasks/depthwise_conv.cc; 83s ... (128 actions, 17 running)
[3,791 / 4,228] [Sched] Compiling tensorflow/lite/kernels/complex_support.cc; 84s ... (128 actions, 17 running)
INFO: From Compiling external/com_google_protobuf/src/google/protobuf/_virtual_imports/source_context_proto/google/protobuf/source_context.pb.cc [for tool]:
cl : Command line warning D9002 : ignoring unknown option '-std=c++20'
[3,799 / 4,228] [Sched] Compiling tensorflow/lite/delegates/gpu/common/tasks/cast.cc; 82s ... (128 actions, 16 running)
[3,799 / 4,228] [Sched] Compiling tensorflow/lite/delegates/gpu/common/tasks/add.cc; 85s ... (128 actions, 17 running)
[3,801 / 4,228] [Sched] Compiling external/com_google_protobuf/src/google/protobuf/_virtual_imports/type_proto/google/protobuf/type.pb.cc [for tool]; 86s ... (128 actions, 16 running)
[3,803 / 4,228] [Sched] Compiling tensorflow/lite/delegates/gpu/common/tasks/fully_connected.cc; 85s ... (128 actions, 16 running)
[3,805 / 4,228] [Sched] Compiling tensorflow/lite/delegates/gpu/common/tasks/conv_generic.cc; 83s ... (128 actions, 16 running)
[3,805 / 4,228] [Sched] Compiling external/com_google_protobuf/src/google/protobuf/_virtual_imports/struct_proto/google/protobuf/struct.pb.cc [for tool]; 84s ... (128 actions, 17 running)
INFO: From Compiling external/com_google_protobuf/src/google/protobuf/_virtual_imports/any_proto/google/protobuf/any.pb.cc [for tool]:
cl : Command line warning D9002 : ignoring unknown option '-std=c++20'
[3,808 / 4,228] [Sched] Compiling tensorflow/lite/delegates/gpu/common/selectors/default/fully_connected_selector.cc; 84s ... (128 actions, 16 running)
INFO: From Compiling external/com_google_protobuf/src/google/protobuf/_virtual_imports/empty_proto/google/protobuf/empty.pb.cc [for tool]:
cl : Command line warning D9002 : ignoring unknown option '-std=c++20'
[3,810 / 4,228] [Sched] Compiling tensorflow/lite/delegates/gpu/common/tasks/depthwise_conv_3x3.cc; 81s ... (128 actions, 17 running)
[3,811 / 4,228] [Sched] Compiling tensorflow/lite/delegates/gpu/common/tasks/mediapipe/transform_tensor_bilinear.cc; 82s ... (128 actions, 17 running)
[3,813 / 4,228] [Sched] Compiling tensorflow/lite/delegates/gpu/common/tasks/mediapipe/transform_landmarks.cc; 81s ... (128 actions, 17 running)
[3,816 / 4,228] [Sched] Compiling tensorflow/lite/kernels/conv3d_transpose.cc; 83s ... (128 actions, 16 running)
[3,816 / 4,228] [Sched] Compiling tensorflow/lite/delegates/gpu/common/tasks/convolution_transposed_thin.cc; 84s ... (128 actions, 17 running)
INFO: From Compiling external/com_google_protobuf/src/google/protobuf/_virtual_imports/type_proto/google/protobuf/type.pb.cc [for tool]:
cl : Command line warning D9002 : ignoring unknown option '-std=c++20'
[3,819 / 4,228] [Sched] Compiling external/com_google_protobuf/src/google/protobuf/_virtual_imports/duration_proto/google/protobuf/duration.pb.cc [for tool]; 85s ... (128 actions, 16 running)
[3,819 / 4,228] [Sched] Compiling tensorflow/lite/delegates/gpu/common/tasks/convolution_transposed_4x4.cc; 87s ... (128 actions, 17 running)
INFO: From Compiling external/com_google_protobuf/src/google/protobuf/_virtual_imports/api_proto/google/protobuf/api.pb.cc [for tool]:
cl : Command line warning D9002 : ignoring unknown option '-std=c++20'
INFO: From Compiling external/com_google_protobuf/src/google/protobuf/_virtual_imports/struct_proto/google/protobuf/struct.pb.cc [for tool]:
cl : Command line warning D9002 : ignoring unknown option '-std=c++20'
[3,822 / 4,228] [Sched] Compiling tensorflow/lite/kernels/cumsum.cc; 88s ... (128 actions, 16 running)
[3,823 / 4,228] [Sched] Compiling tensorflow/lite/delegates/gpu/common/tasks/convolution_transposed_3x3_thin.cc; 87s ... (128 actions, 16 running)
[3,824 / 4,228] [Sched] Compiling tensorflow/lite/kernels/densify.cc; 88s ... (128 actions, 16 running)
[3,827 / 4,228] [Sched] Compiling src/google/protobuf/util/time_util.cc [for tool]; 85s ... (128 actions, 16 running)
[3,827 / 4,228] [Sched] Compiling external/com_google_protobuf/src/google/protobuf/_virtual_imports/wrappers_proto/google/protobuf/wrappers.pb.cc [for tool]; 87s ... (128 actions, 17 running)
[3,829 / 4,228] [Sched] Compiling tensorflow/lite/kernels/depth_to_space.cc; 87s ... (128 actions, 16 running)
[3,831 / 4,228] [Sched] Compiling src/google/protobuf/util/type_resolver_util.cc [for tool]; 84s ... (128 actions, 16 running)
INFO: From Compiling external/com_google_protobuf/src/google/protobuf/_virtual_imports/duration_proto/google/protobuf/duration.pb.cc [for tool]:
cl : Command line warning D9002 : ignoring unknown option '-std=c++20'
[3,832 / 4,228] [Sched] Compiling src/google/protobuf/json/internal/untyped_message.cc [for tool]; 85s ... (128 actions, 16 running)
[3,832 / 4,228] [Sched] Compiling tensorflow/lite/kernels/rfft2d.cc; 86s ... (128 actions, 17 running)
[3,833 / 4,228] [Sched] Compiling tensorflow/lite/kernels/rfft2d.cc; 88s ... (128 actions, 16 running)
INFO: From Compiling src/google/protobuf/util/field_mask_util.cc [for tool]:
cl : Command line warning D9002 : ignoring unknown option '-std=c++20'
[3,836 / 4,228] [Sched] Dexing mediapipe/java/com/google/mediapipe/framework/image/_dx/image/libimage.jar_desugared.jar with applicable dexopts []; 88s ... (128 actions, 16 running)
[3,837 / 4,228] [Sched] Compiling tensorflow/lite/delegates/gpu/common/tasks/conv_metal_simd.cc; 89s ... (128 actions, 17 running)
[3,838 / 4,228] [Sched] Compiling tensorflow/lite/delegates/gpu/common/selectors/default/convolution_selector.cc; 90s ... (128 actions, 17 running)
INFO: From Compiling external/com_google_protobuf/src/google/protobuf/_virtual_imports/timestamp_proto/google/protobuf/timestamp.pb.cc [for tool]:
cl : Command line warning D9002 : ignoring unknown option '-std=c++20'
INFO: From Compiling external/com_google_protobuf/src/google/protobuf/_virtual_imports/field_mask_proto/google/protobuf/field_mask.pb.cc [for tool]:
cl : Command line warning D9002 : ignoring unknown option '-std=c++20'
[3,841 / 4,228] [Sched] Compiling tensorflow/lite/delegates/gpu/common/selectors/default/convolution_transposed_selector.cc; 89s ... (128 actions, 16 running)
[3,841 / 4,228] [Sched] Compiling src/google/protobuf/json/internal/unparser.cc [for tool]; 89s ... (128 actions, 17 running)
INFO: From Compiling external/com_google_protobuf/src/google/protobuf/_virtual_imports/wrappers_proto/google/protobuf/wrappers.pb.cc [for tool]:
cl : Command line warning D9002 : ignoring unknown option '-std=c++20'
[3,843 / 4,228] [Sched] Compiling tensorflow/lite/kernels/depthwise_conv.cc; 87s ... (128 actions, 17 running)
INFO: From Compiling src/google/protobuf/util/time_util.cc [for tool]:
cl : Command line warning D9002 : ignoring unknown option '-std=c++20'
[3,846 / 4,228] [Sched] Compiling tensorflow/lite/kernels/detection_postprocess.cc; 85s ... (128 actions, 16 running)
[3,846 / 4,228] [Sched] Compiling src/google/protobuf/json/json.cc [for tool]; 85s ... (128 actions, 17 running)
INFO: From Compiling src/google/protobuf/util/type_resolver_util.cc [for tool]:
cl : Command line warning D9002 : ignoring unknown option '-std=c++20'
[3,849 / 4,228] [Sched] Compiling tensorflow/lite/kernels/dilate.cc; 86s ... (128 actions, 16 running)
[3,849 / 4,228] [Sched] Compiling external/com_google_protobuf/src/google/protobuf/_virtual_imports/duration_proto/google/protobuf/duration.pb.cc; 90s ... (128 actions, 17 running)
[3,852 / 4,228] [Sched] Compiling src/google/protobuf/util/time_util.cc; 87s ... (128 actions, 16 running)
INFO: From Compiling src/google/protobuf/json/internal/untyped_message.cc [for tool]:
cl : Command line warning D9002 : ignoring unknown option '-std=c++20'
[3,853 / 4,228] [Sched] Compiling external/com_google_protobuf/src/google/protobuf/_virtual_imports/empty_proto/google/protobuf/empty.pb.cc; 88s ... (127 actions, 16 running)
[3,857 / 4,228] [Sched] Compiling mediapipe/framework/formats/image_frame.cc; 86s ... (128 actions, 16 running)
INFO: From Compiling src/google/protobuf/json/internal/parser.cc [for tool]:
cl : Command line warning D9002 : ignoring unknown option '-std=c++20'
[3,857 / 4,228] [Sched] Compiling tensorflow/lite/delegates/gpu/cl/inference_context.cc; 86s ... (128 actions, 17 running)
[3,858 / 4,228] [Sched] Compiling tensorflow/lite/delegates/gpu/cl/inference_context.cc; 87s ... (128 actions, 16 running)
[3,858 / 4,228] [Sched] Compiling tensorflow/lite/kernels/dynamic_update_slice.cc; 90s ... (128 actions, 17 running)
INFO: From Compiling src/google/protobuf/json/internal/unparser.cc [for tool]:
cl : Command line warning D9002 : ignoring unknown option '-std=c++20'
[3,860 / 4,228] [Sched] Compiling tensorflow/lite/kernels/elementwise.cc; 91s ... (128 actions, 16 running)
INFO: From Compiling src/google/protobuf/json/json.cc [for tool]:
cl : Command line warning D9002 : ignoring unknown option '-std=c++20'
[3,861 / 4,228] [Sched] Generating R Classes for //mediapipe/examples/android/src/java/com/google/mediapipe/apps/faceheadroigpu:faceheadroigpu; 92s ... (128 actions, 16 running)
[3,861 / 4,228] [Sched] Compiling mediapipe/framework/tool/validate_name.cc; 94s ... (128 actions, 17 running)
INFO: From Compiling mediapipe/framework/tool/message_type_util.cc [for tool]:
cl : Command line warning D9002 : ignoring unknown option '-std=c++20'
.\mediapipe/framework/port/logging.h(21): warning C4005: 'GLOG_NO_ABBREVIATED_SEVERITIES': macro redefinition
.\mediapipe/framework/port/logging.h(21): note: 'GLOG_NO_ABBREVIATED_SEVERITIES' previously declared on the command line
[3,864 / 4,228] [Sched] Compiling mediapipe/framework/tool/proto_util_lite.cc; 93s ... (128 actions, 17 running)
[3,867 / 4,228] [Sched] Compiling tensorflow/lite/kernels/embedding_lookup_sparse.cc; 91s ... (128 actions, 16 running)
[3,867 / 4,228] [Sched] Compiling mediapipe/util/tflite/tflite_gpu_runner.cc; 92s ... (128 actions, 17 running)
[3,868 / 4,228] [Sched] Compiling mediapipe/framework/tool/template_expander.cc; 92s ... (128 actions, 17 running)
[3,870 / 4,228] [Sched] Compiling mediapipe/framework/tool/tag_map.cc; 90s ... (128 actions, 17 running)
[3,871 / 4,228] [Sched] Compiling mediapipe/framework/tool/tag_map.cc; 91s ... (128 actions, 16 running)
[3,873 / 4,228] [Sched] Compiling mediapipe/framework/graph_service_manager.cc; 92s ... (128 actions, 16 running)
[3,876 / 4,228] [Sched] Compiling mediapipe/framework/tool/options_registry.cc; 91s ... (128 actions, 16 running)
[3,876 / 4,228] [Sched] Compiling tensorflow/lite/kernels/expand_dims.cc; 93s ... (128 actions, 17 running)
[3,877 / 4,228] [Sched] Compiling tensorflow/lite/kernels/expand_dims.cc; 95s ... (128 actions, 16 running)
[3,877 / 4,228] [Sched] Compiling mediapipe/framework/packet_type.cc; 94s ... (128 actions, 17 running)
[3,879 / 4,228] [Sched] Compiling tensorflow/lite/kernels/fill.cc; 95s ... (128 actions, 17 running)
[3,880 / 4,228] [Sched] Compiling mediapipe/framework/tool/name_util.cc; 95s ... (128 actions, 17 running)
[3,881 / 4,228] [Sched] Compiling mediapipe/framework/calculator_state.cc; 96s ... (128 actions, 17 running)
[3,884 / 4,228] [Sched] Compiling tensorflow/lite/kernels/floor_div.cc; 96s ... (128 actions, 16 running)
[3,885 / 4,228] [Sched] Compiling tensorflow/lite/kernels/floor_mod.cc; 94s ... (128 actions, 16 running)
[3,885 / 4,228] [Sched] Compiling mediapipe/util/label_map_util.cc; 95s ... (128 actions, 17 running)
[3,887 / 4,228] [Sched] Generating Descriptor Set proto_library //mediapipe/calculators/tensor:inference_calculator_proto; 95s ... (128 actions, 16 running)
[3,889 / 4,228] [Sched] Compiling tensorflow/lite/kernels/fully_connected.cc; 96s ... (128 actions, 16 running)
[3,891 / 4,228] [Sched] Compiling tensorflow/lite/kernels/gather.cc; 96s ... (128 actions, 16 running)
[3,891 / 4,228] [Sched] Compiling mediapipe/framework/tool/validate.cc; 94s ... (128 actions, 17 running)
[3,892 / 4,228] [Sched] Compiling mediapipe/framework/tool/validate.cc; 96s ... (128 actions, 16 running)
[3,892 / 4,228] [Sched] Compiling tensorflow/lite/kernels/gather_nd.cc; 97s ... (128 actions, 17 running)
[3,895 / 4,228] [Sched] Compiling tensorflow/lite/kernels/hadamard_rotation.cc; 98s ... (128 actions, 16 running)
[3,896 / 4,228] [Sched] Compiling tensorflow/lite/kernels/hashtable.cc; 99s ... (128 actions, 16 running)
[3,897 / 4,228] [Sched] Compiling tensorflow/lite/kernels/hashtable_find.cc; 100s ... (128 actions, 16 running)
[3,897 / 4,228] [Sched] Compiling tensorflow/lite/kernels/hashtable_import.cc; 100s ... (128 actions, 17 running)
[3,899 / 4,228] [Sched] Compiling tensorflow/lite/kernels/hashtable_lookup.cc; 101s ... (128 actions, 16 running)
[3,899 / 4,228] [Sched] Compiling tensorflow/lite/kernels/hashtable_size.cc; 102s ... (128 actions, 17 running)
[3,900 / 4,228] [Sched] Compiling tensorflow/lite/kernels/hashtable_size.cc; 104s ... (128 actions, 16 running)
[3,901 / 4,228] [Sched] Compiling tensorflow/lite/kernels/if.cc; 102s ... (128 actions, 16 running)
[3,901 / 4,228] [Sched] Compiling tensorflow/lite/kernels/l2norm.cc; 103s ... (128 actions, 17 running)
[3,902 / 4,228] [Sched] Compiling tensorflow/lite/kernels/local_response_norm.cc; 104s ... (128 actions, 17 running)
[3,904 / 4,228] [Sched] Compiling mediapipe/framework/input_stream_manager.cc; 105s ... (128 actions, 16 running)
[3,904 / 4,228] [Sched] Compiling tensorflow/lite/kernels/logical.cc; 107s ... (128 actions, 17 running)
[3,905 / 4,228] [Sched] Compiling tensorflow/lite/kernels/lsh_projection.cc; 108s ... (128 actions, 17 running)
[3,907 / 4,228] [Sched] Compiling mediapipe/framework/output_stream_shard.cc; 109s ... (128 actions, 16 running)
[3,909 / 4,228] [Sched] Compiling tensorflow/lite/kernels/lstm.cc; 109s ... (128 actions, 16 running)
[3,912 / 4,228] [Sched] Compiling mediapipe/framework/formats/matrix.cc; 106s ... (128 actions, 16 running)
[3,913 / 4,228] [Sched] Compiling mediapipe/gpu/gpu_buffer_storage.cc; 106s ... (128 actions, 16 running)
[3,915 / 4,228] [Sched] Compiling tensorflow/lite/kernels/maximum_minimum.cc; 107s ... (128 actions, 16 running)
[3,915 / 4,228] [Sched] Compiling mediapipe/framework/tool/fill_packet_set.cc; 108s ... (128 actions, 17 running)
[3,918 / 4,228] [Sched] Linking external/com_google_protobuf/src/google/protobuf/any_proto.lib [for tool]; 105s ... (128 actions, 16 running)
[3,919 / 4,228] [Sched] Linking external/com_google_protobuf/src/google/protobuf/empty_proto.lib [for tool]; 107s ... (128 actions, 17 running)
[3,920 / 4,228] [Sched] Linking external/com_google_protobuf/src/google/protobuf/empty_proto.lib [for tool]; 108s ... (128 actions, 16 running)
[3,921 / 4,228] [Sched] Compiling mediapipe/framework/input_side_packet_handler.cc; 109s ... (128 actions, 16 running)
[3,922 / 4,228] [Sched] Compiling mediapipe/framework/output_side_packet_impl.cc; 109s ... (128 actions, 16 running)
[3,922 / 4,228] [Sched] Compiling tensorflow/lite/kernels/mfcc.cc; 109s ... (128 actions, 17 running)
[3,926 / 4,228] [Sched] Compiling tensorflow/lite/kernels/neg.cc; 109s ... (128 actions, 17 running)
[3,928 / 4,228] [Sched] Linking external/com_google_protobuf/src/google/protobuf/type_proto.lib [for tool]; 108s ... (128 actions, 16 running)
[3,929 / 4,228] [Sched] Compiling tensorflow/lite/kernels/non_max_suppression.cc; 109s ... (128 actions, 16 running)
[3,930 / 4,228] [Sched] Compiling tensorflow/lite/kernels/numeric_verify.cc; 109s ... (128 actions, 16 running)
[3,932 / 4,228] [Sched] Compiling tensorflow/lite/kernels/one_hot.cc; 107s ... (128 actions, 16 running)
[3,934 / 4,228] [Sched] Compiling tensorflow/lite/kernels/pack.cc; 107s ... (128 actions, 16 running)
[3,936 / 4,228] [Sched] Compiling tensorflow/lite/kernels/pooling.cc; 105s ... (128 actions, 17 running)
[3,938 / 4,228] [Sched] Compiling tensorflow/lite/kernels/pow.cc; 106s ... (128 actions, 16 running)
[3,940 / 4,228] [Sched] Compiling tensorflow/lite/kernels/quantize.cc; 103s ... (128 actions, 16 running)
[3,940 / 4,228] [Sched] Compiling mediapipe/calculators/internal/callback_packet_calculator.cc; 104s ... (128 actions, 17 running)
[3,941 / 4,228] [Sched] Compiling mediapipe/framework/tool/packet_generator_wrapper_calculator.cc; 105s ... (128 actions, 17 running)
[3,945 / 4,228] [Sched] Compiling mediapipe/framework/api2/packet.cc; 101s ... (128 actions, 16 running)
[3,945 / 4,228] [Sched] Compiling tensorflow/lite/kernels/range.cc; 104s ... (128 actions, 17 running)
[3,946 / 4,228] [Sched] Linking external/com_google_protobuf/src/google/protobuf/util/field_mask_util.lib [for tool]; 105s ... (128 actions, 17 running)
[3,950 / 4,228] [Sched] Linking external/com_google_protobuf/src/google/protobuf/timestamp_proto.lib [for tool]; 103s ... (128 actions, 16 running)
[3,953 / 4,228] [Sched] Linking external/com_google_protobuf/src/google/protobuf/wrappers_proto.lib [for tool]; 102s ... (128 actions, 16 running)
[3,956 / 4,228] [Sched] Compiling tensorflow/lite/kernels/zeros_like.cc; 101s ... (128 actions, 16 running)
[3,957 / 4,228] [Sched] Compiling mediapipe/util/tflite/tflite_model_loader.cc; 102s ... (128 actions, 16 running)
[3,958 / 4,228] [Sched] Linking external/com_google_protobuf/src/google/protobuf/util/type_resolver.lib [for tool]; 101s ... (128 actions, 16 running)
[3,960 / 4,228] [Sched] Compiling tensorflow/lite/kernels/reverse.cc; 102s ... (128 actions, 16 running)
[3,961 / 4,228] [Sched] Compiling tensorflow/lite/kernels/reverse_sequence.cc; 98s ... (128 actions, 16 running)
[3,963 / 4,228] [Sched] Compiling mediapipe/framework/tool/options_util.cc; 98s ... (128 actions, 16 running)
[3,965 / 4,228] [Sched] Compiling mediapipe/framework/profiler/trace_builder.cc; 97s ... (128 actions, 16 running)
[3,967 / 4,228] [Sched] Compiling mediapipe/framework/subgraph.cc; 98s ... (128 actions, 16 running)
[3,970 / 4,228] [Sched] Compiling mediapipe/tasks/cc/core/model_resources.cc; 93s ... (128 actions, 16 running)
[3,973 / 4,228] [Sched] Compiling tensorflow/lite/kernels/scatter_nd.cc; 90s ... (128 actions, 16 running)
[3,973 / 4,228] [Sched] Compiling tensorflow/lite/kernels/segment_sum.cc; 93s ... (128 actions, 17 running)
[3,975 / 4,228] [Sched] Compiling tensorflow/lite/kernels/select.cc; 94s ... (128 actions, 16 running)
[3,977 / 4,228] [Sched] Compiling mediapipe/framework/validated_graph_config.cc; 94s ... (128 actions, 16 running)
[3,978 / 4,228] [Sched] Compiling mediapipe/framework/api2/node.cc; 95s ... (128 actions, 16 running)
[3,980 / 4,228] [Sched] Compiling mediapipe/framework/profiler/gl_context_profiler.cc; 93s ... (128 actions, 16 running)
[3,980 / 4,228] [Sched] Compiling mediapipe/framework/input_stream_handler.cc; 97s ... (128 actions, 17 running)
[3,983 / 4,228] [Sched] Compiling tensorflow/lite/kernels/stablehlo_gather.cc; 95s ... (128 actions, 16 running)
[3,986 / 4,228] [Sched] Compiling tensorflow/lite/kernels/stablehlo_and.cc; 95s ... (127 actions, 16 running)
[3,986 / 4,228] [Sched] Compiling tensorflow/lite/kernels/stablehlo_and.cc; 96s ... (128 actions, 16 running)
[3,988 / 4,228] [Sched] Compiling tensorflow/lite/kernels/stablehlo_composite.cc; 94s ... (128 actions, 16 running)
[3,988 / 4,228] [Sched] Compiling mediapipe/framework/output_stream_manager.cc; 93s ... (128 actions, 17 running)
[3,991 / 4,228] [Sched] Compiling tensorflow/lite/kernels/stablehlo_case.cc; 93s ... (128 actions, 16 running)
[3,991 / 4,228] [Sched] Compiling mediapipe/framework/stream_handler/default_input_stream_handler.cc; 95s ... (128 actions, 17 running)
[3,993 / 4,228] [Sched] Compiling mediapipe/framework/packet_generator_graph.cc; 94s ... (128 actions, 16 running)
[3,994 / 4,228] [Sched] Compiling mediapipe/framework/formats/ahwb_gpu_releaser.cc; 95s ... (128 actions, 16 running)
[3,995 / 4,228] [Sched] Compiling tensorflow/lite/kernels/stablehlo_multiply.cc; 96s ... (128 actions, 16 running)
[3,995 / 4,228] [Sched] Compiling mediapipe/gpu/gl_texture_buffer.cc; 97s ... (128 actions, 17 running)
[3,998 / 4,228] [Sched] Compiling mediapipe/framework/output_stream_handler.cc; 96s ... (128 actions, 16 running)
INFO: From Compiling mediapipe/framework/validated_graph_config.cc:
In file included from mediapipe/framework/validated_graph_config.cc:23:
external/com_google_absl/absl/log/log.h:201:9: warning: 'LOG' macro redefined [-Wmacro-redefined]
  201 | #define LOG(severity) ABSL_LOG_INTERNAL_LOG_IMPL(_##severity)
      |         ^
bazel-out/arm64-v8a-opt-android-ST-137734acc612/bin/external/com_github_glog_glog_no_gflags/_virtual_includes/glog/glog/logging.h:610:9: note: previous definition is here
  610 | #define LOG(severity) COMPACT_GOOGLE_LOG_ ## severity.stream()
      |         ^
In file included from mediapipe/framework/validated_graph_config.cc:23:
external/com_google_absl/absl/log/log.h:207:9: warning: 'PLOG' macro redefined [-Wmacro-redefined]
  207 | #define PLOG(severity) ABSL_LOG_INTERNAL_PLOG_IMPL(_##severity)
      |         ^
bazel-out/arm64-v8a-opt-android-ST-137734acc612/bin/external/com_github_glog_glog_no_gflags/_virtual_includes/glog/glog/logging.h:989:9: note: previous definition is here
  989 | #define PLOG(severity) GOOGLE_PLOG(severity, 0).stream()
      |         ^
In file included from mediapipe/framework/validated_graph_config.cc:23:
external/com_google_absl/absl/log/log.h:214:9: warning: 'DLOG' macro redefined [-Wmacro-redefined]
  214 | #define DLOG(severity) ABSL_LOG_INTERNAL_DLOG_IMPL(_##severity)
      |         ^
bazel-out/arm64-v8a-opt-android-ST-137734acc612/bin/external/com_github_glog_glog_no_gflags/_virtual_includes/glog/glog/logging.h:1330:9: note: previous definition is here
 1330 | #define DLOG(severity)  \
      |         ^
In file included from mediapipe/framework/validated_graph_config.cc:23:
external/com_google_absl/absl/log/log.h:221:9: warning: 'LOG_IF' macro redefined [-Wmacro-redefined]
  221 | #define LOG_IF(severity, condition) \
      |         ^
bazel-out/arm64-v8a-opt-android-ST-137734acc612/bin/external/com_github_glog_glog_no_gflags/_virtual_includes/glog/glog/logging.h:694:9: note: previous definition is here
  694 | #define LOG_IF(severity, condition) \
      |         ^
In file included from mediapipe/framework/validated_graph_config.cc:23:
external/com_google_absl/absl/log/log.h:223:9: warning: 'PLOG_IF' macro redefined [-Wmacro-redefined]
  223 | #define PLOG_IF(severity, condition) \
      |         ^
bazel-out/arm64-v8a-opt-android-ST-137734acc612/bin/external/com_github_glog_glog_no_gflags/_virtual_includes/glog/glog/logging.h:996:9: note: previous definition is here
  996 | #define PLOG_IF(severity, condition) \
      |         ^
In file included from mediapipe/framework/validated_graph_config.cc:23:
external/com_google_absl/absl/log/log.h:225:9: warning: 'DLOG_IF' macro redefined [-Wmacro-redefined]
  225 | #define DLOG_IF(severity, condition) \
      |         ^
bazel-out/arm64-v8a-opt-android-ST-137734acc612/bin/external/com_github_glog_glog_no_gflags/_virtual_includes/glog/glog/logging.h:1339:9: note: previous definition is here
 1339 | #define DLOG_IF(severity, condition) \
      |         ^
In file included from mediapipe/framework/validated_graph_config.cc:23:
external/com_google_absl/absl/log/log.h:239:9: warning: 'LOG_EVERY_N' macro redefined [-Wmacro-redefined]
  239 | #define LOG_EVERY_N(severity, n) \
      |         ^
bazel-out/arm64-v8a-opt-android-ST-137734acc612/bin/external/com_github_glog_glog_no_gflags/_virtual_includes/glog/glog/logging.h:1260:9: note: previous definition is here
 1260 | #define LOG_EVERY_N(severity, n)                                        \
      |         ^
In file included from mediapipe/framework/validated_graph_config.cc:23:
external/com_google_absl/absl/log/log.h:247:9: warning: 'LOG_FIRST_N' macro redefined [-Wmacro-redefined]
  247 | #define LOG_FIRST_N(severity, n) \
      |         ^
bazel-out/arm64-v8a-opt-android-ST-137734acc612/bin/external/com_github_glog_glog_no_gflags/_virtual_includes/glog/glog/logging.h:1271:9: note: previous definition is here
 1271 | #define LOG_FIRST_N(severity, n) \
      |         ^
In file included from mediapipe/framework/validated_graph_config.cc:23:
external/com_google_absl/absl/log/log.h:270:9: warning: 'PLOG_EVERY_N' macro redefined [-Wmacro-redefined]
  270 | #define PLOG_EVERY_N(severity, n) \
      |         ^
bazel-out/arm64-v8a-opt-android-ST-137734acc612/bin/external/com_github_glog_glog_no_gflags/_virtual_includes/glog/glog/logging.h:1268:9: note: previous definition is here
 1268 | #define PLOG_EVERY_N(severity, n) \
      |         ^
In file included from mediapipe/framework/validated_graph_config.cc:23:
external/com_google_absl/absl/log/log.h:279:9: warning: 'DLOG_EVERY_N' macro redefined [-Wmacro-redefined]
  279 | #define DLOG_EVERY_N(severity, n) \
      |         ^
bazel-out/arm64-v8a-opt-android-ST-137734acc612/bin/external/com_github_glog_glog_no_gflags/_virtual_includes/glog/glog/logging.h:1343:9: note: previous definition is here
 1343 | #define DLOG_EVERY_N(severity, n) \
      |         ^
In file included from mediapipe/framework/validated_graph_config.cc:23:
external/com_google_absl/absl/log/log.h:295:9: warning: 'LOG_IF_EVERY_N' macro redefined [-Wmacro-redefined]
  295 | #define LOG_IF_EVERY_N(severity, condition, n) \
      |         ^
bazel-out/arm64-v8a-opt-android-ST-137734acc612/bin/external/com_github_glog_glog_no_gflags/_virtual_includes/glog/glog/logging.h:1274:9: note: previous definition is here
 1274 | #define LOG_IF_EVERY_N(severity, condition, n) \
      |         ^
In file included from mediapipe/framework/validated_graph_config.cc:23:
external/com_google_absl/absl/log/log.h:313:9: warning: 'DLOG_IF_EVERY_N' macro redefined [-Wmacro-redefined]
  313 | #define DLOG_IF_EVERY_N(severity, condition, n) \
      |         ^
bazel-out/arm64-v8a-opt-android-ST-137734acc612/bin/external/com_github_glog_glog_no_gflags/_virtual_includes/glog/glog/logging.h:1347:9: note: previous definition is here
 1347 | #define DLOG_IF_EVERY_N(severity, condition, n) \
      |         ^
12 warnings generated.
[4,002 / 4,228] [Sched] Compiling tensorflow/lite/kernels/stablehlo_pad.cc; 95s ... (128 actions, 16 running)
[4,003 / 4,228] [Sched] Compiling tensorflow/lite/kernels/stablehlo_reduce_window.cc; 94s ... (128 actions, 16 running)
[4,003 / 4,228] [Sched] Compiling tensorflow/lite/kernels/stablehlo_min_max.cc; 92s ... (128 actions, 17 running)
INFO: From Compiling mediapipe/framework/input_stream_handler.cc:
In file included from mediapipe/framework/input_stream_handler.cc:25:
external/com_google_absl/absl/log/log.h:201:9: warning: 'LOG' macro redefined [-Wmacro-redefined]
  201 | #define LOG(severity) ABSL_LOG_INTERNAL_LOG_IMPL(_##severity)
      |         ^
bazel-out/arm64-v8a-opt-android-ST-137734acc612/bin/external/com_github_glog_glog_no_gflags/_virtual_includes/glog/glog/logging.h:610:9: note: previous definition is here
  610 | #define LOG(severity) COMPACT_GOOGLE_LOG_ ## severity.stream()
      |         ^
In file included from mediapipe/framework/input_stream_handler.cc:25:
external/com_google_absl/absl/log/log.h:207:9: warning: 'PLOG' macro redefined [-Wmacro-redefined]
  207 | #define PLOG(severity) ABSL_LOG_INTERNAL_PLOG_IMPL(_##severity)
      |         ^
bazel-out/arm64-v8a-opt-android-ST-137734acc612/bin/external/com_github_glog_glog_no_gflags/_virtual_includes/glog/glog/logging.h:989:9: note: previous definition is here
  989 | #define PLOG(severity) GOOGLE_PLOG(severity, 0).stream()
      |         ^
In file included from mediapipe/framework/input_stream_handler.cc:25:
external/com_google_absl/absl/log/log.h:214:9: warning: 'DLOG' macro redefined [-Wmacro-redefined]
  214 | #define DLOG(severity) ABSL_LOG_INTERNAL_DLOG_IMPL(_##severity)
      |         ^
bazel-out/arm64-v8a-opt-android-ST-137734acc612/bin/external/com_github_glog_glog_no_gflags/_virtual_includes/glog/glog/logging.h:1330:9: note: previous definition is here
 1330 | #define DLOG(severity)  \
      |         ^
In file included from mediapipe/framework/input_stream_handler.cc:25:
external/com_google_absl/absl/log/log.h:221:9: warning: 'LOG_IF' macro redefined [-Wmacro-redefined]
  221 | #define LOG_IF(severity, condition) \
      |         ^
bazel-out/arm64-v8a-opt-android-ST-137734acc612/bin/external/com_github_glog_glog_no_gflags/_virtual_includes/glog/glog/logging.h:694:9: note: previous definition is here
  694 | #define LOG_IF(severity, condition) \
      |         ^
In file included from mediapipe/framework/input_stream_handler.cc:25:
external/com_google_absl/absl/log/log.h:223:9: warning: 'PLOG_IF' macro redefined [-Wmacro-redefined]
  223 | #define PLOG_IF(severity, condition) \
      |         ^
bazel-out/arm64-v8a-opt-android-ST-137734acc612/bin/external/com_github_glog_glog_no_gflags/_virtual_includes/glog/glog/logging.h:996:9: note: previous definition is here
  996 | #define PLOG_IF(severity, condition) \
      |         ^
In file included from mediapipe/framework/input_stream_handler.cc:25:
external/com_google_absl/absl/log/log.h:225:9: warning: 'DLOG_IF' macro redefined [-Wmacro-redefined]
  225 | #define DLOG_IF(severity, condition) \
      |         ^
bazel-out/arm64-v8a-opt-android-ST-137734acc612/bin/external/com_github_glog_glog_no_gflags/_virtual_includes/glog/glog/logging.h:1339:9: note: previous definition is here
 1339 | #define DLOG_IF(severity, condition) \
      |         ^
In file included from mediapipe/framework/input_stream_handler.cc:25:
external/com_google_absl/absl/log/log.h:239:9: warning: 'LOG_EVERY_N' macro redefined [-Wmacro-redefined]
  239 | #define LOG_EVERY_N(severity, n) \
      |         ^
bazel-out/arm64-v8a-opt-android-ST-137734acc612/bin/external/com_github_glog_glog_no_gflags/_virtual_includes/glog/glog/logging.h:1260:9: note: previous definition is here
 1260 | #define LOG_EVERY_N(severity, n)                                        \
      |         ^
In file included from mediapipe/framework/input_stream_handler.cc:25:
external/com_google_absl/absl/log/log.h:247:9: warning: 'LOG_FIRST_N' macro redefined [-Wmacro-redefined]
  247 | #define LOG_FIRST_N(severity, n) \
      |         ^
bazel-out/arm64-v8a-opt-android-ST-137734acc612/bin/external/com_github_glog_glog_no_gflags/_virtual_includes/glog/glog/logging.h:1271:9: note: previous definition is here
 1271 | #define LOG_FIRST_N(severity, n) \
      |         ^
In file included from mediapipe/framework/input_stream_handler.cc:25:
external/com_google_absl/absl/log/log.h:270:9: warning: 'PLOG_EVERY_N' macro redefined [-Wmacro-redefined]
  270 | #define PLOG_EVERY_N(severity, n) \
      |         ^
bazel-out/arm64-v8a-opt-android-ST-137734acc612/bin/external/com_github_glog_glog_no_gflags/_virtual_includes/glog/glog/logging.h:1268:9: note: previous definition is here
 1268 | #define PLOG_EVERY_N(severity, n) \
      |         ^
In file included from mediapipe/framework/input_stream_handler.cc:25:
external/com_google_absl/absl/log/log.h:279:9: warning: 'DLOG_EVERY_N' macro redefined [-Wmacro-redefined]
  279 | #define DLOG_EVERY_N(severity, n) \
      |         ^
bazel-out/arm64-v8a-opt-android-ST-137734acc612/bin/external/com_github_glog_glog_no_gflags/_virtual_includes/glog/glog/logging.h:1343:9: note: previous definition is here
 1343 | #define DLOG_EVERY_N(severity, n) \
      |         ^
In file included from mediapipe/framework/input_stream_handler.cc:25:
external/com_google_absl/absl/log/log.h:295:9: warning: 'LOG_IF_EVERY_N' macro redefined [-Wmacro-redefined]
  295 | #define LOG_IF_EVERY_N(severity, condition, n) \
      |         ^
bazel-out/arm64-v8a-opt-android-ST-137734acc612/bin/external/com_github_glog_glog_no_gflags/_virtual_includes/glog/glog/logging.h:1274:9: note: previous definition is here
 1274 | #define LOG_IF_EVERY_N(severity, condition, n) \
      |         ^
In file included from mediapipe/framework/input_stream_handler.cc:25:
external/com_google_absl/absl/log/log.h:313:9: warning: 'DLOG_IF_EVERY_N' macro redefined [-Wmacro-redefined]
  313 | #define DLOG_IF_EVERY_N(severity, condition, n) \
      |         ^
bazel-out/arm64-v8a-opt-android-ST-137734acc612/bin/external/com_github_glog_glog_no_gflags/_virtual_includes/glog/glog/logging.h:1347:9: note: previous definition is here
 1347 | #define DLOG_IF_EVERY_N(severity, condition, n) \
      |         ^
12 warnings generated.
[4,006 / 4,228] [Sched] Compiling tensorflow/lite/kernels/stablehlo_shift_left.cc; 93s ... (128 actions, 16 running)
[4,006 / 4,228] [Sched] Joining descriptors.; 92s ... (128 actions, 17 running)
[4,007 / 4,228] [Sched] Joining descriptors.; 94s ... (128 actions, 16 running)
[4,008 / 4,228] [Sched] Building external/com_google_protobuf/java/core/liblite.jar (93 source files, 1 source jar); 94s ... (128 actions, 16 running)
[4,008 / 4,228] [Sched] Compiling mediapipe/gpu/gpu_buffer.cc; 94s ... (128 actions, 17 running)
[4,009 / 4,228] [Sched] Compiling mediapipe/gpu/gpu_buffer.cc; 95s ... (128 actions, 16 running)
[4,009 / 4,228] [Sched] Compiling mediapipe/gpu/gl_context.cc; 96s ... (128 actions, 17 running)
[4,012 / 4,228] [Sched] Compiling tensorflow/lite/kernels/skip_gram.cc; 92s ... (128 actions, 17 running)
[4,013 / 4,228] [Sched] Compiling tensorflow/lite/kernels/skip_gram.cc; 93s ... (128 actions, 16 running)
[4,014 / 4,228] [Sched] Compiling tensorflow/lite/kernels/space_to_batch_nd.cc; 92s ... (128 actions, 17 running)
[4,018 / 4,228] [Sched] Compiling tensorflow/lite/kernels/sparse_to_dense.cc; 89s ... (128 actions, 16 running)
[4,019 / 4,228] [Sched] Compiling tensorflow/lite/kernels/split.cc; 89s ... (127 actions, 16 running)
[4,020 / 4,228] [Sched] Compiling tensorflow/lite/kernels/split_v.cc; 90s ... (126 actions, 16 running)
[4,021 / 4,228] [Sched] Compiling mediapipe/tasks/cc/vision/utils/image_tensor_specs.cc; 90s ... (125 actions, 16 running)
[4,022 / 4,228] [Sched] Compiling tensorflow/lite/kernels/squared_difference.cc; 91s ... (124 actions, 16 running)
[4,023 / 4,228] [Sched] Compiling tensorflow/lite/kernels/squeeze.cc; 92s ... (123 actions, 16 running)
[4,023 / 4,228] [Sched] Compiling tensorflow/lite/kernels/strided_slice.cc; 93s ... (123 actions, 17 running)
[4,025 / 4,228] [Sched] Compiling tensorflow/lite/kernels/sub.cc; 94s ... (121 actions, 16 running)
[4,026 / 4,228] [Sched] Compiling mediapipe/framework/formats/image.cc; 95s ... (120 actions, 16 running)
[4,026 / 4,228] [Sched] Compiling tensorflow/lite/kernels/svdf.cc; 97s ... (120 actions, 17 running)
[4,028 / 4,228] [Sched] Compiling tensorflow/lite/kernels/tile.cc; 99s ... (118 actions, 16 running)
[4,029 / 4,228] [Sched] Compiling tensorflow/lite/kernels/topk_v2.cc; 99s ... (117 actions, 16 running)
[4,031 / 4,228] [Sched] Compiling tensorflow/lite/kernels/transpose_conv.cc; 99s ... (115 actions, 16 running)
INFO: From Compiling mediapipe/gpu/gl_context.cc:
mediapipe/gpu/gl_context.cc:1170:37: warning: 'constinit' specifier missing on initializing declaration of 'kUtilityFramebuffer' [-Wmissing-constinit]
 1170 | const GlContext::Attachment<GLuint> kUtilityFramebuffer(
      |                                     ^
      | ABSL_CONST_INIT 
./mediapipe/gpu/gl_context.h:493:1: note: variable declared constinit here
  493 | ABSL_CONST_INIT extern const GlContext::Attachment<GLuint> kUtilityFramebuffer;
      | ^
external/com_google_absl/absl/base/attributes.h:743:25: note: expanded from macro 'ABSL_CONST_INIT'
  743 | #define ABSL_CONST_INIT constinit
      |                         ^
1 warning generated.
[4,032 / 4,228] [Sched] Compiling mediapipe/calculators/tensor/inference_calculator_utils.cc; 98s ... (114 actions, 16 running)
[4,034 / 4,228] [Sched] Compiling mediapipe/calculators/tensor/tensor_span.cc; 95s ... (112 actions, 16 running)
[4,035 / 4,228] [Sched] Compiling tensorflow/lite/kernels/unidirectional_sequence_rnn.cc; 96s ... (111 actions, 16 running)
[4,036 / 4,228] [Sched] Compiling tensorflow/lite/kernels/unique.cc; 97s ... (110 actions, 16 running)
[4,038 / 4,228] [Sched] Compiling tensorflow/lite/kernels/unpack.cc; 97s ... (108 actions, 16 running)
[4,038 / 4,228] [Sched] Compiling mediapipe/calculators/tensor/inference_io_mapper.cc; 96s ... (108 actions, 18 running)
INFO: From Building external/com_google_protobuf/java/core/liblite.jar (93 source files, 1 source jar):
external\com_google_protobuf\java\core\src\main\java\com\google\protobuf\UnsafeUtil.java:14: warning: [removal] AccessController in java.security has been deprecated and marked for removal
import java.security.AccessController;
                    ^
external\com_google_protobuf\java\core\src\main\java\com\google\protobuf\UnsafeUtil.java:270: warning: [removal] AccessController in java.security has been deprecated and marked for removal
          AccessController.doPrivileged(
          ^
warning: [options] source value 8 is obsolete and will be removed in a future release
warning: [options] target value 8 is obsolete and will be removed in a future release
warning: [options] To suppress warnings about obsolete options, use -Xlint:-options.
[4,041 / 4,228] [Sched] Compiling tensorflow/lite/kernels/unsorted_segment.cc; 96s ... (106 actions, 16 running)
[4,041 / 4,228] [Sched] Compiling mediapipe/calculators/tensor/inference_feedback_manager.cc; 96s ... (106 actions, 17 running)
[4,044 / 4,228] [Sched] Compiling mediapipe/framework/formats/tensor_ahwb.cc; 96s ... (103 actions, 17 running)
[4,046 / 4,228] [Sched] Compiling mediapipe/gpu/gpu_buffer_multi_pool.cc; 97s ... (101 actions, 16 running)
[4,046 / 4,228] [Sched] Compiling mediapipe/gpu/gpu_shared_data_internal.cc; 99s ... (101 actions, 17 running)
[4,048 / 4,228] [Sched] Compiling tensorflow/lite/kernels/while.cc; 100s ... (99 actions, 16 running)
[4,049 / 4,228] [Sched] Compiling mediapipe/framework/formats/image_opencv.cc; 100s ... (98 actions, 16 running)
[4,050 / 4,228] [Sched] Compiling mediapipe/gpu/gpu_service.cc; 100s ... (97 actions, 16 running)
[4,050 / 4,228] [Sched] Compiling mediapipe/framework/scheduler.cc; 101s ... (97 actions, 17 running)
[4,053 / 4,228] [Sched] Compiling mediapipe/gpu/gl_app_texture_support.cc; 99s ... (94 actions, 17 running)
[4,055 / 4,228] [Sched] Compiling mediapipe/util/header_util.cc; 101s ... (92 actions, 16 running)
[4,056 / 4,228] [Sched] Compiling mediapipe/calculators/util/single_normalized_rect_to_rect_vector_calculator.cc; 101s ... (91 actions, 16 running)
[4,056 / 4,228] [Sched] Compiling mediapipe/framework/stream_handler/immediate_input_stream_handler.cc; 99s ... (91 actions, 17 running)
[4,058 / 4,228] [Sched] Compiling mediapipe/calculators/tensor/tensors_to_classification_calculator.cc; 99s ... (89 actions, 17 running)
[4,061 / 4,228] [Sched] Compiling mediapipe/calculators/core/gate_calculator.cc; 100s ... (86 actions, 16 running)
[4,061 / 4,228] [Sched] Compiling mediapipe/calculators/core/split_proto_list_calculator.cc; 102s ... (86 actions, 17 running)
[4,062 / 4,228] [Sched] Compiling mediapipe/calculators/core/split_proto_list_calculator.cc; 104s ... (85 actions, 16 running)
[4,064 / 4,228] [Sched] Compiling mediapipe/calculators/tensor/inference_interpreter_delegate_runner.cc; 105s ... (83 actions, 16 running)
[4,064 / 4,228] [Sched] Compiling mediapipe/framework/stream_handler/fixed_size_input_stream_handler.cc; 106s ... (83 actions, 17 running)
[4,066 / 4,228] [Sched] Compiling mediapipe/calculators/tensor/image_to_tensor_utils.cc; 106s ... (81 actions, 17 running)
[4,067 / 4,228] [Sched] Compiling mediapipe/calculators/tensor/image_to_tensor_utils.cc; 108s ... (80 actions, 16 running)
[4,069 / 4,228] [Sched] Compiling mediapipe/calculators/util/rect_transformation_calculator.cc; 107s ... (78 actions, 16 running)
[4,070 / 4,228] [Sched] Compiling mediapipe/calculators/util/landmarks_to_detection_calculator.cc; 107s ... (77 actions, 16 running)
[4,070 / 4,228] [Sched] Compiling mediapipe/calculators/util/landmarks_smoothing_calculator.cc; 108s ... (77 actions, 17 running)
[4,071 / 4,228] [Sched] Compiling mediapipe/calculators/util/landmarks_smoothing_calculator.cc; 110s ... (76 actions, 16 running)
[4,072 / 4,228] [Sched] Compiling mediapipe/calculators/tensor/image_to_tensor_converter_opencv.cc; 110s ... (75 actions, 16 running)
[4,072 / 4,228] [Sched] Compiling mediapipe/calculators/util/landmark_letterbox_removal_calculator.cc; 110s ... (75 actions, 17 running)
[4,073 / 4,228] [Sched] Compiling mediapipe/calculators/util/landmark_letterbox_removal_calculator.cc; 111s ... (74 actions, 16 running)
[4,073 / 4,228] [Sched] Compiling mediapipe/calculators/util/detections_to_rects_calculator.cc; 113s ... (74 actions, 17 running)
INFO: From Compiling mediapipe/framework/calculator_graph.cc:
In file included from mediapipe/framework/calculator_graph.cc:30:
external/com_google_absl/absl/log/check.h:57:9: warning: 'CHECK' macro redefined [-Wmacro-redefined]
   57 | #define CHECK(condition) ABSL_LOG_INTERNAL_CHECK_IMPL((condition), #condition)
      |         ^
bazel-out/arm64-v8a-opt-android-ST-137734acc612/bin/external/com_github_glog_glog_no_gflags/_virtual_includes/glog/glog/logging.h:710:9: note: previous definition is here
  710 | #define CHECK(condition)  \
      |         ^
In file included from mediapipe/framework/calculator_graph.cc:30:
external/com_google_absl/absl/log/check.h:80:9: warning: 'PCHECK' macro redefined [-Wmacro-redefined]
   80 | #define PCHECK(condition) ABSL_LOG_INTERNAL_PCHECK_IMPL((condition), #condition)
      |         ^
bazel-out/arm64-v8a-opt-android-ST-137734acc612/bin/external/com_github_glog_glog_no_gflags/_virtual_includes/glog/glog/logging.h:1003:9: note: previous definition is here
 1003 | #define PCHECK(condition)  \
      |         ^
In file included from mediapipe/framework/calculator_graph.cc:30:
external/com_google_absl/absl/log/check.h:88:9: warning: 'DCHECK' macro redefined [-Wmacro-redefined]
   88 | #define DCHECK(condition) ABSL_LOG_INTERNAL_DCHECK_IMPL((condition), #condition)
      |         ^
bazel-out/arm64-v8a-opt-android-ST-137734acc612/bin/external/com_github_glog_glog_no_gflags/_virtual_includes/glog/glog/logging.h:1356:9: note: previous definition is here
 1356 | #define DCHECK(condition) \
      |         ^
In file included from mediapipe/framework/calculator_graph.cc:30:
external/com_google_absl/absl/log/check.h:116:9: warning: 'CHECK_EQ' macro redefined [-Wmacro-redefined]
  116 | #define CHECK_EQ(val1, val2) \
      |         ^
bazel-out/arm64-v8a-opt-android-ST-137734acc612/bin/external/com_github_glog_glog_no_gflags/_virtual_includes/glog/glog/logging.h:923:9: note: previous definition is here
  923 | #define CHECK_EQ(val1, val2) CHECK_OP(_EQ, ==, val1, val2)
      |         ^
In file included from mediapipe/framework/calculator_graph.cc:30:
external/com_google_absl/absl/log/check.h:118:9: warning: 'CHECK_NE' macro redefined [-Wmacro-redefined]
  118 | #define CHECK_NE(val1, val2) \
      |         ^
bazel-out/arm64-v8a-opt-android-ST-137734acc612/bin/external/com_github_glog_glog_no_gflags/_virtual_includes/glog/glog/logging.h:924:9: note: previous definition is here
  924 | #define CHECK_NE(val1, val2) CHECK_OP(_NE, !=, val1, val2)
      |         ^
In file included from mediapipe/framework/calculator_graph.cc:30:
external/com_google_absl/absl/log/check.h:120:9: warning: 'CHECK_LE' macro redefined [-Wmacro-redefined]
  120 | #define CHECK_LE(val1, val2) \
      |         ^
bazel-out/arm64-v8a-opt-android-ST-137734acc612/bin/external/com_github_glog_glog_no_gflags/_virtual_includes/glog/glog/logging.h:925:9: note: previous definition is here
  925 | #define CHECK_LE(val1, val2) CHECK_OP(_LE, <=, val1, val2)
      |         ^
In file included from mediapipe/framework/calculator_graph.cc:30:
external/com_google_absl/absl/log/check.h:122:9: warning: 'CHECK_LT' macro redefined [-Wmacro-redefined]
  122 | #define CHECK_LT(val1, val2) \
      |         ^
bazel-out/arm64-v8a-opt-android-ST-137734acc612/bin/external/com_github_glog_glog_no_gflags/_virtual_includes/glog/glog/logging.h:926:9: note: previous definition is here
  926 | #define CHECK_LT(val1, val2) CHECK_OP(_LT, < , val1, val2)
      |         ^
In file included from mediapipe/framework/calculator_graph.cc:30:
external/com_google_absl/absl/log/check.h:124:9: warning: 'CHECK_GE' macro redefined [-Wmacro-redefined]
  124 | #define CHECK_GE(val1, val2) \
      |         ^
bazel-out/arm64-v8a-opt-android-ST-137734acc612/bin/external/com_github_glog_glog_no_gflags/_virtual_includes/glog/glog/logging.h:927:9: note: previous definition is here
  927 | #define CHECK_GE(val1, val2) CHECK_OP(_GE, >=, val1, val2)
      |         ^
In file included from mediapipe/framework/calculator_graph.cc:30:
external/com_google_absl/absl/log/check.h:126:9: warning: 'CHECK_GT' macro redefined [-Wmacro-redefined]
  126 | #define CHECK_GT(val1, val2) \
      |         ^
bazel-out/arm64-v8a-opt-android-ST-137734acc612/bin/external/com_github_glog_glog_no_gflags/_virtual_includes/glog/glog/logging.h:928:9: note: previous definition is here
  928 | #define CHECK_GT(val1, val2) CHECK_OP(_GT, > , val1, val2)
      |         ^
In file included from mediapipe/framework/calculator_graph.cc:30:
external/com_google_absl/absl/log/check.h:140:9: warning: 'DCHECK_EQ' macro redefined [-Wmacro-redefined]
  140 | #define DCHECK_EQ(val1, val2) \
      |         ^
bazel-out/arm64-v8a-opt-android-ST-137734acc612/bin/external/com_github_glog_glog_no_gflags/_virtual_includes/glog/glog/logging.h:1361:9: note: previous definition is here
 1361 | #define DCHECK_EQ(val1, val2) \
      |         ^
In file included from mediapipe/framework/calculator_graph.cc:30:
external/com_google_absl/absl/log/check.h:142:9: warning: 'DCHECK_NE' macro redefined [-Wmacro-redefined]
  142 | #define DCHECK_NE(val1, val2) \
      |         ^
bazel-out/arm64-v8a-opt-android-ST-137734acc612/bin/external/com_github_glog_glog_no_gflags/_virtual_includes/glog/glog/logging.h:1366:9: note: previous definition is here
 1366 | #define DCHECK_NE(val1, val2) \
      |         ^
In file included from mediapipe/framework/calculator_graph.cc:30:
external/com_google_absl/absl/log/check.h:144:9: warning: 'DCHECK_LE' macro redefined [-Wmacro-redefined]
  144 | #define DCHECK_LE(val1, val2) \
      |         ^
bazel-out/arm64-v8a-opt-android-ST-137734acc612/bin/external/com_github_glog_glog_no_gflags/_virtual_includes/glog/glog/logging.h:1371:9: note: previous definition is here
 1371 | #define DCHECK_LE(val1, val2) \
      |         ^
In file included from mediapipe/framework/calculator_graph.cc:30:
external/com_google_absl/absl/log/check.h:146:9: warning: 'DCHECK_LT' macro redefined [-Wmacro-redefined]
  146 | #define DCHECK_LT(val1, val2) \
      |         ^
bazel-out/arm64-v8a-opt-android-ST-137734acc612/bin/external/com_github_glog_glog_no_gflags/_virtual_includes/glog/glog/logging.h:1376:9: note: previous definition is here
 1376 | #define DCHECK_LT(val1, val2) \
      |         ^
In file included from mediapipe/framework/calculator_graph.cc:30:
external/com_google_absl/absl/log/check.h:148:9: warning: 'DCHECK_GE' macro redefined [-Wmacro-redefined]
  148 | #define DCHECK_GE(val1, val2) \
      |         ^
bazel-out/arm64-v8a-opt-android-ST-137734acc612/bin/external/com_github_glog_glog_no_gflags/_virtual_includes/glog/glog/logging.h:1381:9: note: previous definition is here
 1381 | #define DCHECK_GE(val1, val2) \
      |         ^
In file included from mediapipe/framework/calculator_graph.cc:30:
external/com_google_absl/absl/log/check.h:150:9: warning: 'DCHECK_GT' macro redefined [-Wmacro-redefined]
  150 | #define DCHECK_GT(val1, val2) \
      |         ^
bazel-out/arm64-v8a-opt-android-ST-137734acc612/bin/external/com_github_glog_glog_no_gflags/_virtual_includes/glog/glog/logging.h:1386:9: note: previous definition is here
 1386 | #define DCHECK_GT(val1, val2) \
      |         ^
In file included from mediapipe/framework/calculator_graph.cc:30:
external/com_google_absl/absl/log/check.h:167:9: warning: 'CHECK_OK' macro redefined [-Wmacro-redefined]
  167 | #define CHECK_OK(status) ABSL_LOG_INTERNAL_CHECK_OK_IMPL((status), #status)
      |         ^
./mediapipe/framework/deps/status.h:59:9: note: previous definition is here
   59 | #define CHECK_OK MEDIAPIPE_CHECK_OK
      |         ^
In file included from mediapipe/framework/calculator_graph.cc:30:
external/com_google_absl/absl/log/check.h:168:9: warning: 'QCHECK_OK' macro redefined [-Wmacro-redefined]
  168 | #define QCHECK_OK(status) ABSL_LOG_INTERNAL_QCHECK_OK_IMPL((status), #status)
      |         ^
./mediapipe/framework/deps/status.h:60:9: note: previous definition is here
   60 | #define QCHECK_OK MEDIAPIPE_QCHECK_OK
      |         ^
In file included from mediapipe/framework/calculator_graph.cc:30:
external/com_google_absl/absl/log/check.h:169:9: warning: 'DCHECK_OK' macro redefined [-Wmacro-redefined]
  169 | #define DCHECK_OK(status) ABSL_LOG_INTERNAL_DCHECK_OK_IMPL((status), #status)
      |         ^
./mediapipe/framework/deps/status.h:61:9: note: previous definition is here
   61 | #define DCHECK_OK MEDIAPIPE_DCHECK_OK
      |         ^
In file included from mediapipe/framework/calculator_graph.cc:30:
external/com_google_absl/absl/log/check.h:184:9: warning: 'CHECK_STREQ' macro redefined [-Wmacro-redefined]
  184 | #define CHECK_STREQ(s1, s2) \
      |         ^
bazel-out/arm64-v8a-opt-android-ST-137734acc612/bin/external/com_github_glog_glog_no_gflags/_virtual_includes/glog/glog/logging.h:963:9: note: previous definition is here
  963 | #define CHECK_STREQ(s1, s2) CHECK_STROP(strcmp, ==, true, s1, s2)
      |         ^
In file included from mediapipe/framework/calculator_graph.cc:30:
external/com_google_absl/absl/log/check.h:186:9: warning: 'CHECK_STRNE' macro redefined [-Wmacro-redefined]
  186 | #define CHECK_STRNE(s1, s2) \
      |         ^
bazel-out/arm64-v8a-opt-android-ST-137734acc612/bin/external/com_github_glog_glog_no_gflags/_virtual_includes/glog/glog/logging.h:964:9: note: previous definition is here
  964 | #define CHECK_STRNE(s1, s2) CHECK_STROP(strcmp, !=, false, s1, s2)
      |         ^
In file included from mediapipe/framework/calculator_graph.cc:30:
external/com_google_absl/absl/log/check.h:188:9: warning: 'CHECK_STRCASEEQ' macro redefined [-Wmacro-redefined]
  188 | #define CHECK_STRCASEEQ(s1, s2) \
      |         ^
bazel-out/arm64-v8a-opt-android-ST-137734acc612/bin/external/com_github_glog_glog_no_gflags/_virtual_includes/glog/glog/logging.h:965:9: note: previous definition is here
  965 | #define CHECK_STRCASEEQ(s1, s2) CHECK_STROP(strcasecmp, ==, true, s1, s2)
      |         ^
In file included from mediapipe/framework/calculator_graph.cc:30:
external/com_google_absl/absl/log/check.h:190:9: warning: 'CHECK_STRCASENE' macro redefined [-Wmacro-redefined]
  190 | #define CHECK_STRCASENE(s1, s2) \
      |         ^
bazel-out/arm64-v8a-opt-android-ST-137734acc612/bin/external/com_github_glog_glog_no_gflags/_virtual_includes/glog/glog/logging.h:966:9: note: previous definition is here
  966 | #define CHECK_STRCASENE(s1, s2) CHECK_STROP(strcasecmp, !=, false, s1, s2)
      |         ^
In file included from mediapipe/framework/calculator_graph.cc:30:
external/com_google_absl/absl/log/check.h:200:9: warning: 'DCHECK_STREQ' macro redefined [-Wmacro-redefined]
  200 | #define DCHECK_STREQ(s1, s2) \
      |         ^
bazel-out/arm64-v8a-opt-android-ST-137734acc612/bin/external/com_github_glog_glog_no_gflags/_virtual_includes/glog/glog/logging.h:1395:9: note: previous definition is here
 1395 | #define DCHECK_STREQ(str1, str2) \
      |         ^
In file included from mediapipe/framework/calculator_graph.cc:30:
external/com_google_absl/absl/log/check.h:202:9: warning: 'DCHECK_STRNE' macro redefined [-Wmacro-redefined]
  202 | #define DCHECK_STRNE(s1, s2) \
      |         ^
bazel-out/arm64-v8a-opt-android-ST-137734acc612/bin/external/com_github_glog_glog_no_gflags/_virtual_includes/glog/glog/logging.h:1405:9: note: previous definition is here
 1405 | #define DCHECK_STRNE(str1, str2) \
      |         ^
In file included from mediapipe/framework/calculator_graph.cc:30:
external/com_google_absl/absl/log/check.h:204:9: warning: 'DCHECK_STRCASEEQ' macro redefined [-Wmacro-redefined]
  204 | #define DCHECK_STRCASEEQ(s1, s2) \
      |         ^
bazel-out/arm64-v8a-opt-android-ST-137734acc612/bin/external/com_github_glog_glog_no_gflags/_virtual_includes/glog/glog/logging.h:1400:9: note: previous definition is here
 1400 | #define DCHECK_STRCASEEQ(str1, str2) \
      |         ^
In file included from mediapipe/framework/calculator_graph.cc:30:
external/com_google_absl/absl/log/check.h:206:9: warning: 'DCHECK_STRCASENE' macro redefined [-Wmacro-redefined]
  206 | #define DCHECK_STRCASENE(s1, s2) \
      |         ^
bazel-out/arm64-v8a-opt-android-ST-137734acc612/bin/external/com_github_glog_glog_no_gflags/_virtual_includes/glog/glog/logging.h:1410:9: note: previous definition is here
 1410 | #define DCHECK_STRCASENE(str1, str2) \
      |         ^
In file included from mediapipe/framework/calculator_graph.cc:31:
external/com_google_absl/absl/log/log.h:201:9: warning: 'LOG' macro redefined [-Wmacro-redefined]
  201 | #define LOG(severity) ABSL_LOG_INTERNAL_LOG_IMPL(_##severity)
      |         ^
bazel-out/arm64-v8a-opt-android-ST-137734acc612/bin/external/com_github_glog_glog_no_gflags/_virtual_includes/glog/glog/logging.h:610:9: note: previous definition is here
  610 | #define LOG(severity) COMPACT_GOOGLE_LOG_ ## severity.stream()
      |         ^
In file included from mediapipe/framework/calculator_graph.cc:31:
external/com_google_absl/absl/log/log.h:207:9: warning: 'PLOG' macro redefined [-Wmacro-redefined]
  207 | #define PLOG(severity) ABSL_LOG_INTERNAL_PLOG_IMPL(_##severity)
      |         ^
bazel-out/arm64-v8a-opt-android-ST-137734acc612/bin/external/com_github_glog_glog_no_gflags/_virtual_includes/glog/glog/logging.h:989:9: note: previous definition is here
  989 | #define PLOG(severity) GOOGLE_PLOG(severity, 0).stream()
      |         ^
In file included from mediapipe/framework/calculator_graph.cc:31:
external/com_google_absl/absl/log/log.h:214:9: warning: 'DLOG' macro redefined [-Wmacro-redefined]
  214 | #define DLOG(severity) ABSL_LOG_INTERNAL_DLOG_IMPL(_##severity)
      |         ^
bazel-out/arm64-v8a-opt-android-ST-137734acc612/bin/external/com_github_glog_glog_no_gflags/_virtual_includes/glog/glog/logging.h:1330:9: note: previous definition is here
 1330 | #define DLOG(severity)  \
      |         ^
In file included from mediapipe/framework/calculator_graph.cc:31:
external/com_google_absl/absl/log/log.h:221:9: warning: 'LOG_IF' macro redefined [-Wmacro-redefined]
  221 | #define LOG_IF(severity, condition) \
      |         ^
bazel-out/arm64-v8a-opt-android-ST-137734acc612/bin/external/com_github_glog_glog_no_gflags/_virtual_includes/glog/glog/logging.h:694:9: note: previous definition is here
  694 | #define LOG_IF(severity, condition) \
      |         ^
In file included from mediapipe/framework/calculator_graph.cc:31:
external/com_google_absl/absl/log/log.h:223:9: warning: 'PLOG_IF' macro redefined [-Wmacro-redefined]
  223 | #define PLOG_IF(severity, condition) \
      |         ^
bazel-out/arm64-v8a-opt-android-ST-137734acc612/bin/external/com_github_glog_glog_no_gflags/_virtual_includes/glog/glog/logging.h:996:9: note: previous definition is here
  996 | #define PLOG_IF(severity, condition) \
      |         ^
In file included from mediapipe/framework/calculator_graph.cc:31:
external/com_google_absl/absl/log/log.h:225:9: warning: 'DLOG_IF' macro redefined [-Wmacro-redefined]
  225 | #define DLOG_IF(severity, condition) \
      |         ^
bazel-out/arm64-v8a-opt-android-ST-137734acc612/bin/external/com_github_glog_glog_no_gflags/_virtual_includes/glog/glog/logging.h:1339:9: note: previous definition is here
 1339 | #define DLOG_IF(severity, condition) \
      |         ^
In file included from mediapipe/framework/calculator_graph.cc:31:
external/com_google_absl/absl/log/log.h:239:9: warning: 'LOG_EVERY_N' macro redefined [-Wmacro-redefined]
  239 | #define LOG_EVERY_N(severity, n) \
      |         ^
bazel-out/arm64-v8a-opt-android-ST-137734acc612/bin/external/com_github_glog_glog_no_gflags/_virtual_includes/glog/glog/logging.h:1260:9: note: previous definition is here
 1260 | #define LOG_EVERY_N(severity, n)                                        \
      |         ^
In file included from mediapipe/framework/calculator_graph.cc:31:
external/com_google_absl/absl/log/log.h:247:9: warning: 'LOG_FIRST_N' macro redefined [-Wmacro-redefined]
  247 | #define LOG_FIRST_N(severity, n) \
      |         ^
bazel-out/arm64-v8a-opt-android-ST-137734acc612/bin/external/com_github_glog_glog_no_gflags/_virtual_includes/glog/glog/logging.h:1271:9: note: previous definition is here
 1271 | #define LOG_FIRST_N(severity, n) \
      |         ^
In file included from mediapipe/framework/calculator_graph.cc:31:
external/com_google_absl/absl/log/log.h:270:9: warning: 'PLOG_EVERY_N' macro redefined [-Wmacro-redefined]
  270 | #define PLOG_EVERY_N(severity, n) \
      |         ^
bazel-out/arm64-v8a-opt-android-ST-137734acc612/bin/external/com_github_glog_glog_no_gflags/_virtual_includes/glog/glog/logging.h:1268:9: note: previous definition is here
 1268 | #define PLOG_EVERY_N(severity, n) \
      |         ^
In file included from mediapipe/framework/calculator_graph.cc:31:
external/com_google_absl/absl/log/log.h:279:9: warning: 'DLOG_EVERY_N' macro redefined [-Wmacro-redefined]
  279 | #define DLOG_EVERY_N(severity, n) \
      |         ^
bazel-out/arm64-v8a-opt-android-ST-137734acc612/bin/external/com_github_glog_glog_no_gflags/_virtual_includes/glog/glog/logging.h:1343:9: note: previous definition is here
 1343 | #define DLOG_EVERY_N(severity, n) \
      |         ^
In file included from mediapipe/framework/calculator_graph.cc:31:
external/com_google_absl/absl/log/log.h:295:9: warning: 'LOG_IF_EVERY_N' macro redefined [-Wmacro-redefined]
  295 | #define LOG_IF_EVERY_N(severity, condition, n) \
      |         ^
bazel-out/arm64-v8a-opt-android-ST-137734acc612/bin/external/com_github_glog_glog_no_gflags/_virtual_includes/glog/glog/logging.h:1274:9: note: previous definition is here
 1274 | #define LOG_IF_EVERY_N(severity, condition, n) \
      |         ^
In file included from mediapipe/framework/calculator_graph.cc:31:
external/com_google_absl/absl/log/log.h:313:9: warning: 'DLOG_IF_EVERY_N' macro redefined [-Wmacro-redefined]
  313 | #define DLOG_IF_EVERY_N(severity, condition, n) \
      |         ^
bazel-out/arm64-v8a-opt-android-ST-137734acc612/bin/external/com_github_glog_glog_no_gflags/_virtual_includes/glog/glog/logging.h:1347:9: note: previous definition is here
 1347 | #define DLOG_IF_EVERY_N(severity, condition, n) \
      |         ^
38 warnings generated.
[4,077 / 4,228] [Sched] Compiling mediapipe/calculators/core/get_vector_item_calculator.cc; 112s ... (70 actions, 17 running)
[4,079 / 4,228] [Sched] Compiling mediapipe/calculators/core/end_loop_calculator.cc; 113s ... (68 actions, 16 running)
[4,080 / 4,228] [Sched] Compiling mediapipe/calculators/core/begin_loop_calculator.cc; 114s ... (67 actions, 16 running)
[4,080 / 4,228] [Sched] Compiling mediapipe/calculators/core/concatenate_vector_calculator.cc; 116s ... (67 actions, 17 running)
[4,081 / 4,228] [Sched] Compiling mediapipe/calculators/core/concatenate_vector_calculator.cc; 117s ... (66 actions, 16 running)
[4,081 / 4,228] [Sched] Compiling mediapipe/calculators/core/clip_vector_size_calculator.cc; 120s ... (66 actions, 17 running)
[4,082 / 4,228] [Sched] Compiling mediapipe/tasks/cc/core/utils.cc; 121s ... (65 actions, 17 running)
[4,085 / 4,228] [Sched] Compiling mediapipe/tasks/cc/core/model_resources_cache.cc; 118s ... (62 actions, 17 running)
[4,086 / 4,228] [Sched] Compiling mediapipe/tasks/cc/core/model_resources_cache.cc; 119s ... (61 actions, 16 running)
[4,086 / 4,228] [Sched] Compiling mediapipe/calculators/util/landmark_projection_calculator.cc; 123s ... (61 actions, 17 running)
[4,087 / 4,228] [Sched] Compiling mediapipe/calculators/util/landmark_projection_calculator.cc; 124s ... (60 actions, 16 running)
[4,087 / 4,228] [Sched] Linking mediapipe/framework/tool/message_type_util.exe [for tool]; 125s ... (60 actions, 17 running)
[4,089 / 4,228] [Sched] Compiling mediapipe/tasks/cc/vision/face_landmarker/tensors_to_face_landmarks_graph.cc; 124s ... (58 actions, 17 running)
[4,092 / 4,228] [Sched] Compiling mediapipe/calculators/util/to_image_calculator.cc; 121s ... (55 actions, 16 running)
INFO: From Linking mediapipe/framework/tool/message_type_util.exe [for tool]:
   Creating library bazel-out\x64_windows-opt-exec-ST-0465588ec812\bin\mediapipe\framework\tool\message_type_util.lib and object bazel-out\x64_windows-opt-exec-ST-0465588ec812\bin\mediapipe\framework\tool\message_type_util.exp
[4,094 / 4,228] [Sched] Building mediapipe/framework/libcalculator_options_proto-lite.jar (1 source jar); 121s ... (54 actions, 16 running)
[4,094 / 4,228] [Sched] Compiling mediapipe/calculators/tensor/image_to_tensor_converter_gl_buffer.cc; 122s ... (54 actions, 17 running)
[4,095 / 4,228] [Sched] Compiling mediapipe/calculators/image/image_clone_calculator.cc; 123s ... (53 actions, 17 running)
INFO: From Building mediapipe/framework/libcalculator_options_proto-lite.jar (1 source jar):
warning: [options] source value 8 is obsolete and will be removed in a future release
warning: [options] target value 8 is obsolete and will be removed in a future release
warning: [options] To suppress warnings about obsolete options, use -Xlint:-options.
[4,097 / 4,228] [Sched] Compiling mediapipe/calculators/tensor/image_to_tensor_calculator.cc; 124s ... (52 actions, 16 running)
[4,097 / 4,228] [Sched] Compiling mediapipe/tasks/cc/components/processors/image_preprocessing_graph.cc; 124s ... (52 actions, 17 running)
[4,098 / 4,228] [Sched] Compiling mediapipe/tasks/cc/components/processors/image_preprocessing_graph.cc; 126s ... (51 actions, 16 running)
[4,098 / 4,228] [Sched] Compiling mediapipe/tasks/cc/core/model_task_graph.cc; 127s ... (51 actions, 17 running)
[4,099 / 4,228] [Sched] Compiling mediapipe/gpu/gl_surface_sink_calculator.cc; 126s ... (50 actions, 17 running)
[4,101 / 4,228] [Sched] Compiling mediapipe/java/com/google/mediapipe/framework/jni/surface_output_jni.cc; 127s ... (48 actions, 16 running)
[4,101 / 4,228] [Sched] Building mediapipe/framework/libmediapipe_options_proto-lite.jar (1 source jar); 131s ... (48 actions, 17 running)
INFO: From Compiling mediapipe/tasks/cc/core/utils.cc:
In file included from mediapipe/tasks/cc/core/utils.cc:16:
In file included from ./mediapipe/tasks/cc/core/utils.h:27:
./mediapipe/framework/api2/builder.h:351:13: warning: explicitly defaulted move assignment operator is implicitly deleted [-Wdefaulted-function-deleted]
  351 |   NodeBase& operator=(NodeBase&&) = default;
      |             ^
./mediapipe/framework/api2/builder.h:455:31: note: move assignment operator of 'NodeBase' is implicitly deleted because field 'node_builder_' is of reference type 'api3::builder::NodeBuilder &'
  455 |   api3::builder::NodeBuilder& node_builder_;
      |                               ^
./mediapipe/framework/api2/builder.h:351:37: note: replace 'default' with 'delete'
  351 |   NodeBase& operator=(NodeBase&&) = default;
      |                                     ^~~~~~~
      |                                     delete
1 warning generated.
[4,102 / 4,228] [Sched] Compiling mediapipe/java/com/google/mediapipe/framework/jni/compat_jni.cc; 128s ... (47 actions, 17 running)
INFO: From Building mediapipe/framework/libmediapipe_options_proto-lite.jar (1 source jar):
warning: [options] source value 8 is obsolete and will be removed in a future release
warning: [options] target value 8 is obsolete and will be removed in a future release
warning: [options] To suppress warnings about obsolete options, use -Xlint:-options.
[4,104 / 4,228] [Sched] Compiling mediapipe/java/com/google/mediapipe/framework/jni/graph.cc; 128s ... (46 actions, 16 running)
[4,105 / 4,228] [Sched] Building mediapipe/framework/libpacket_factory_proto-lite.jar (1 source jar); 129s ... (45 actions, 16 running)
[4,105 / 4,228] [Sched] Compiling mediapipe/java/com/google/mediapipe/framework/jni/graph_jni.cc; 129s ... (45 actions, 17 running)
INFO: From Building mediapipe/framework/libpacket_factory_proto-lite.jar (1 source jar):
warning: [options] source value 8 is obsolete and will be removed in a future release
warning: [options] target value 8 is obsolete and will be removed in a future release
warning: [options] To suppress warnings about obsolete options, use -Xlint:-options.
[4,106 / 4,228] [Sched] Compiling mediapipe/java/com/google/mediapipe/framework/jni/graph_service_jni.cc; 127s ... (44 actions, 18 running)
[4,109 / 4,228] [Sched] Compiling mediapipe/java/com/google/mediapipe/framework/jni/packet_context_jni.cc; 129s ... (42 actions, 16 running)
[4,109 / 4,228] [Sched] Building mediapipe/framework/libpacket_generator_proto-lite.jar (1 source jar); 129s ... (42 actions, 17 running)
INFO: From Compiling mediapipe/tasks/cc/vision/face_landmarker/tensors_to_face_landmarks_graph.cc:
In file included from mediapipe/tasks/cc/vision/face_landmarker/tensors_to_face_landmarks_graph.cc:25:
./mediapipe/framework/api2/builder.h:351:13: warning: explicitly defaulted move assignment operator is implicitly deleted [-Wdefaulted-function-deleted]
  351 |   NodeBase& operator=(NodeBase&&) = default;
      |             ^
./mediapipe/framework/api2/builder.h:455:31: note: move assignment operator of 'NodeBase' is implicitly deleted because field 'node_builder_' is of reference type 'api3::builder::NodeBuilder &'
  455 |   api3::builder::NodeBuilder& node_builder_;
      |                               ^
./mediapipe/framework/api2/builder.h:351:37: note: replace 'default' with 'delete'
  351 |   NodeBase& operator=(NodeBase&&) = default;
      |                                     ^~~~~~~
      |                                     delete
1 warning generated.
[4,111 / 4,228] [Sched] Compiling mediapipe/java/com/google/mediapipe/framework/jni/packet_getter_jni.cc; 130s ... (40 actions, 17 running)
INFO: From Building mediapipe/framework/libpacket_generator_proto-lite.jar (1 source jar):
warning: [options] source value 8 is obsolete and will be removed in a future release
warning: [options] target value 8 is obsolete and will be removed in a future release
warning: [options] To suppress warnings about obsolete options, use -Xlint:-options.
[4,114 / 4,228] [Sched] Compiling Java headers mediapipe/framework/libmediapipe_options_proto-lite-hjar.jar (1 source jar); 130s ... (38 actions, 16 running)
[4,115 / 4,228] [Sched] Compiling mediapipe/java/com/google/mediapipe/framework/jni/android_asset_util_jni.cc; 130s ... (37 actions, 16 running)
[4,116 / 4,228] [Sched] Compiling Java headers mediapipe/framework/libpacket_factory_proto-lite-hjar.jar (1 source jar); 131s ... (36 actions, 16 running)
[4,117 / 4,228] [Sched] Compiling Java headers mediapipe/framework/deps/libproto_descriptor_proto-lite-hjar.jar (1 source jar); 131s ... (35 actions, 16 running)
[4,117 / 4,228] [Sched] Compiling mediapipe/java/com/google/mediapipe/framework/jni/android_packet_creator_jni.cc; 131s ... (35 actions, 17 running)
[4,118 / 4,228] [Sched] Building mediapipe/framework/deps/libproto_descriptor_proto-lite.jar (1 source jar); 131s ... (38 actions, 17 running)
[4,119 / 4,228] [Sched] Building mediapipe/framework/deps/libproto_descriptor_proto-lite.jar (1 source jar); 132s ... (37 actions, 16 running)
INFO: From Building mediapipe/framework/deps/libproto_descriptor_proto-lite.jar (1 source jar):
warning: [options] source value 8 is obsolete and will be removed in a future release
warning: [options] target value 8 is obsolete and will be removed in a future release
warning: [options] To suppress warnings about obsolete options, use -Xlint:-options.
[4,120 / 4,228] [Sched] Building mediapipe/framework/formats/libclassification_proto-lite.jar (1 source jar); 128s ... (36 actions, 17 running)
[4,122 / 4,228] [Sched] Compiling mediapipe/java/com/google/mediapipe/framework/jni/resources_jni.cc; 128s ... (35 actions, 16 running)
INFO: From Building mediapipe/framework/formats/libclassification_proto-lite.jar (1 source jar):
warning: [options] source value 8 is obsolete and will be removed in a future release
warning: [options] target value 8 is obsolete and will be removed in a future release
warning: [options] To suppress warnings about obsolete options, use -Xlint:-options.
[4,124 / 4,228] [Sched] Building mediapipe/framework/formats/librect_proto-lite.jar (1 source jar); 128s ... (34 actions, 16 running)
INFO: From Building mediapipe/framework/formats/liblandmark_proto-lite.jar (1 source jar):
warning: [options] source value 8 is obsolete and will be removed in a future release
warning: [options] target value 8 is obsolete and will be removed in a future release
warning: [options] To suppress warnings about obsolete options, use -Xlint:-options.
[4,125 / 4,228] [Sched] Executing genrule //mediapipe/calculators/tensor:inference_calculator_options_lib_inc; 127s ... (34 actions, 16 running)
INFO: From Building mediapipe/framework/formats/librect_proto-lite.jar (1 source jar):
warning: [options] source value 8 is obsolete and will be removed in a future release
warning: [options] target value 8 is obsolete and will be removed in a future release
warning: [options] To suppress warnings about obsolete options, use -Xlint:-options.
[4,128 / 4,228] [Sched] Compiling Java headers mediapipe/framework/formats/liblandmark_proto-lite-hjar.jar (1 source jar); 127s ... (32 actions, 17 running)
[4,130 / 4,228] [Sched] Desugaring external/com_google_protobuf/java/core/liblite.jar for Android; 103s ... (30 actions, 16 running)
[4,131 / 4,228] [Sched] Executing genrule //mediapipe/calculators/tensor:inference_calculator_options_lib_type_name; 41s ... (29 actions, 16 running)
[4,136 / 4,228] Compiling mediapipe/tasks/cc/components/processors/image_preprocessing_graph.cc; 32s local ... (25 actions, 16 running)
[4,137 / 4,228] Compiling mediapipe/tasks/cc/components/processors/image_preprocessing_graph.cc; 33s local ... (24 actions, 16 running)
[4,139 / 4,228] Compiling mediapipe/tasks/cc/components/processors/image_preprocessing_graph.cc; 34s local ... (22 actions, 16 running)
INFO: From Building mediapipe/framework/libstream_handler_proto-lite.jar (1 source jar):
warning: [options] source value 8 is obsolete and will be removed in a future release
warning: [options] target value 8 is obsolete and will be removed in a future release
warning: [options] To suppress warnings about obsolete options, use -Xlint:-options.
[4,141 / 4,228] Compiling mediapipe/tasks/cc/components/processors/image_preprocessing_graph.cc; 35s local ... (21 actions, 16 running)
INFO: From Building mediapipe/framework/libstatus_handler_proto-lite.jar (1 source jar):
warning: [options] source value 8 is obsolete and will be removed in a future release
warning: [options] target value 8 is obsolete and will be removed in a future release
warning: [options] To suppress warnings about obsolete options, use -Xlint:-options.
[4,143 / 4,228] Compiling mediapipe/tasks/cc/components/processors/image_preprocessing_graph.cc; 36s local ... (21 actions, 16 running)
[4,146 / 4,228] Compiling mediapipe/tasks/cc/components/processors/image_preprocessing_graph.cc; 37s local ... (20 actions, 17 running)
[4,148 / 4,228] Compiling mediapipe/tasks/cc/components/processors/image_preprocessing_graph.cc; 38s local ... (18 actions, 16 running)
[4,148 / 4,228] Compiling mediapipe/tasks/cc/components/processors/image_preprocessing_graph.cc; 39s local ... (18 actions, 17 running)
INFO: From Compiling mediapipe/tasks/cc/components/processors/image_preprocessing_graph.cc:
In file included from mediapipe/tasks/cc/components/processors/image_preprocessing_graph.cc:28:
./mediapipe/framework/api2/builder.h:351:13: warning: explicitly defaulted move assignment operator is implicitly deleted [-Wdefaulted-function-deleted]
  351 |   NodeBase& operator=(NodeBase&&) = default;
      |             ^
./mediapipe/framework/api2/builder.h:455:31: note: move assignment operator of 'NodeBase' is implicitly deleted because field 'node_builder_' is of reference type 'api3::builder::NodeBuilder &'
  455 |   api3::builder::NodeBuilder& node_builder_;
      |                               ^
./mediapipe/framework/api2/builder.h:351:37: note: replace 'default' with 'delete'
  351 |   NodeBase& operator=(NodeBase&&) = default;
      |                                     ^~~~~~~
      |                                     delete
1 warning generated.
[4,149 / 4,228] Compiling mediapipe/tasks/cc/core/model_task_graph.cc; 39s local ... (17 actions, 16 running)
[4,150 / 4,228] Compiling mediapipe/tasks/cc/core/model_task_graph.cc; 40s local ... (18 actions, 15 running)
[4,150 / 4,228] Compiling mediapipe/tasks/cc/core/model_task_graph.cc; 41s local ... (20 actions, 17 running)
[4,151 / 4,228] Compiling mediapipe/tasks/cc/core/model_task_graph.cc; 43s local ... (19 actions, 16 running)
[4,151 / 4,228] Compiling mediapipe/tasks/cc/core/model_task_graph.cc; 44s local ... (19 actions, 17 running)
[4,152 / 4,228] Compiling mediapipe/tasks/cc/core/model_task_graph.cc; 45s local ... (18 actions running)
[4,156 / 4,228] Compiling mediapipe/tasks/cc/core/model_task_graph.cc; 46s local ... (14 actions running)
INFO: From Building mediapipe/framework/libcalculator_proto-lite.jar (1 source jar):
warning: [options] source value 8 is obsolete and will be removed in a future release
warning: [options] target value 8 is obsolete and will be removed in a future release
warning: [options] To suppress warnings about obsolete options, use -Xlint:-options.
[4,157 / 4,228] Compiling mediapipe/tasks/cc/core/model_task_graph.cc; 50s local ... (14 actions, 13 running)
INFO: From Building mediapipe/framework/tool/libcalculator_graph_template_proto-lite.jar (1 source jar):
warning: [options] source value 8 is obsolete and will be removed in a future release
warning: [options] target value 8 is obsolete and will be removed in a future release
warning: [options] To suppress warnings about obsolete options, use -Xlint:-options.
INFO: From Compiling mediapipe/tasks/cc/core/model_task_graph.cc:
In file included from mediapipe/tasks/cc/core/model_task_graph.cc:16:
In file included from ./mediapipe/tasks/cc/core/model_task_graph.h:27:
./mediapipe/framework/api2/builder.h:351:13: warning: explicitly defaulted move assignment operator is implicitly deleted [-Wdefaulted-function-deleted]
  351 |   NodeBase& operator=(NodeBase&&) = default;
      |             ^
./mediapipe/framework/api2/builder.h:455:31: note: move assignment operator of 'NodeBase' is implicitly deleted because field 'node_builder_' is of reference type 'api3::builder::NodeBuilder &'
  455 |   api3::builder::NodeBuilder& node_builder_;
      |                               ^
./mediapipe/framework/api2/builder.h:351:37: note: replace 'default' with 'delete'
  351 |   NodeBase& operator=(NodeBase&&) = default;
      |                                     ^~~~~~~
      |                                     delete
1 warning generated.
INFO: From Building mediapipe/framework/libcalculator_profile_proto-lite.jar (1 source jar):
warning: [options] source value 8 is obsolete and will be removed in a future release
warning: [options] target value 8 is obsolete and will be removed in a future release
warning: [options] To suppress warnings about obsolete options, use -Xlint:-options.
[4,164 / 4,228] Compiling mediapipe/java/com/google/mediapipe/framework/jni/packet_creator_jni.cc; 36s local ... (10 actions, 9 running)
INFO: From Building mediapipe/java/com/google/mediapipe/framework/libframework_proto_lite.jar (3 source files):
warning: [options] source value 8 is obsolete and will be removed in a future release
warning: [options] target value 8 is obsolete and will be removed in a future release
warning: [options] To suppress warnings about obsolete options, use -Xlint:-options.
[4,168 / 4,228] Compiling mediapipe/java/com/google/mediapipe/framework/jni/packet_creator_jni.cc; 37s local ... (11 actions, 10 running)
[4,170 / 4,228] Compiling mediapipe/java/com/google/mediapipe/framework/jni/android_packet_creator_jni.cc; 31s local ... (11 actions running)
[4,171 / 4,228] Compiling mediapipe/java/com/google/mediapipe/framework/jni/android_packet_creator_jni.cc; 32s local ... (12 actions running)
INFO: From Building mediapipe/java/com/google/mediapipe/framework/libandroid_framework_no_proguard.jar (8 source files):
warning: [options] source value 8 is obsolete and will be removed in a future release
warning: [options] target value 8 is obsolete and will be removed in a future release
warning: [options] To suppress warnings about obsolete options, use -Xlint:-options.
[4,173 / 4,228] Compiling mediapipe/java/com/google/mediapipe/framework/jni/android_packet_creator_jni.cc; 33s local ... (15 actions, 14 running)
[4,174 / 4,228] Compiling mediapipe/java/com/google/mediapipe/framework/jni/android_packet_creator_jni.cc; 34s local ... (14 actions running)
INFO: From Building mediapipe/java/com/google/mediapipe/framework/libandroid_core.jar (17 source files):
warning: [options] source value 8 is obsolete and will be removed in a future release
warning: [options] target value 8 is obsolete and will be removed in a future release
warning: [options] To suppress warnings about obsolete options, use -Xlint:-options.
INFO: From Building mediapipe/java/com/google/mediapipe/components/libandroid_camerax_helper.jar (2 source files):
warning: [options] source value 8 is obsolete and will be removed in a future release
warning: [options] target value 8 is obsolete and will be removed in a future release
warning: [options] To suppress warnings about obsolete options, use -Xlint:-options.
[4,178 / 4,228] Compiling mediapipe/java/com/google/mediapipe/framework/jni/android_packet_creator_jni.cc; 35s local ... (12 actions, 11 running)
INFO: From Building mediapipe/java/com/google/mediapipe/glutil/libglutil.jar (6 source files):
warning: [options] source value 8 is obsolete and will be removed in a future release
warning: [options] target value 8 is obsolete and will be removed in a future release
warning: [options] To suppress warnings about obsolete options, use -Xlint:-options.
[4,184 / 4,228] Compiling mediapipe/java/com/google/mediapipe/framework/jni/android_packet_creator_jni.cc; 36s local ... (12 actions running)
[4,188 / 4,228] Compiling mediapipe/java/com/google/mediapipe/framework/jni/graph_texture_frame_jni.cc; 31s local ... (11 actions running)
INFO: From Building mediapipe/java/com/google/mediapipe/components/libandroid_components.jar (11 source files):
warning: [options] source value 8 is obsolete and will be removed in a future release
warning: [options] target value 8 is obsolete and will be removed in a future release
warning: [options] To suppress warnings about obsolete options, use -Xlint:-options.
[4,191 / 4,228] Compiling mediapipe/java/com/google/mediapipe/framework/jni/graph_texture_frame_jni.cc; 32s local ... (10 actions running)
INFO: From Building mediapipe/examples/android/src/java/com/google/mediapipe/apps/basic/libbasic_lib.jar (1 source file):
warning: [options] source value 8 is obsolete and will be removed in a future release
warning: [options] target value 8 is obsolete and will be removed in a future release
warning: [options] To suppress warnings about obsolete options, use -Xlint:-options.
[4,193 / 4,228] Compiling mediapipe/java/com/google/mediapipe/framework/jni/graph_texture_frame_jni.cc; 33s local ... (10 actions running)
INFO: From Building mediapipe/examples/android/src/java/com/google/mediapipe/apps/faceheadroigpu/libfaceheadroigpu.jar (2 source files):
warning: [options] source value 8 is obsolete and will be removed in a future release
warning: [options] target value 8 is obsolete and will be removed in a future release
warning: [options] To suppress warnings about obsolete options, use -Xlint:-options.
[4,195 / 4,228] Compiling mediapipe/calculators/tensor/inference_calculator_options_lib.cc; 26s local ... (9 actions running)
[4,197 / 4,228] Compiling mediapipe/calculators/tensor/inference_calculator_options_lib.cc; 27s local ... (10 actions running)
[4,199 / 4,228] Compiling mediapipe/calculators/tensor/inference_calculator_options_lib.cc; 28s local ... (8 actions running)
[4,202 / 4,228] Compiling mediapipe/calculators/tensor/inference_calculator_options_lib.cc; 29s local ... (6 actions running)
[4,204 / 4,228] Compiling mediapipe/calculators/tensor/inference_calculator_options_lib.cc; 30s local ... (4 actions running)
[4,206 / 4,228] Compiling mediapipe/calculators/tensor/inference_calculator_options_lib.cc; 31s local ... (3 actions running)
[4,209 / 4,228] Extracting Java resources from deploy jar for apk; 3s local ... (11 actions running)
[4,210 / 4,230] Extracting Java resources from deploy jar for apk; 4s local ... (11 actions, 10 running)
[4,215 / 4,234] Extracting Java resources from deploy jar for apk; 6s local ... (11 actions running)
[4,216 / 4,234] Extracting Java resources from deploy jar for apk; 16s local ... (11 actions, 10 running)
[4,218 / 4,234] Extracting Java resources from deploy jar for apk; 17s local ... (10 actions running)
[4,219 / 4,234] Compiling mediapipe/calculators/tensor/inference_calculator.cc; 15s local ... (9 actions running)
[4,220 / 4,234] Compiling mediapipe/calculators/tensor/inference_calculator.cc; 21s local ... (8 actions running)
[4,221 / 4,234] Compiling mediapipe/calculators/tensor/inference_calculator_cpu.cc; 31s local ... (7 actions running)
[4,223 / 4,234] Compiling mediapipe/calculators/tensor/inference_calculator_gl_advanced.cc; 32s local ... (5 actions running)
INFO: From Compiling mediapipe/tasks/cc/vision/face_landmarker/face_blendshapes_graph.cc:
In file included from mediapipe/tasks/cc/vision/face_landmarker/face_blendshapes_graph.cc:23:
./mediapipe/framework/api2/builder.h:351:13: warning: explicitly defaulted move assignment operator is implicitly deleted [-Wdefaulted-function-deleted]
  351 |   NodeBase& operator=(NodeBase&&) = default;
      |             ^
./mediapipe/framework/api2/builder.h:455:31: note: move assignment operator of 'NodeBase' is implicitly deleted because field 'node_builder_' is of reference type 'api3::builder::NodeBuilder &'
  455 |   api3::builder::NodeBuilder& node_builder_;
      |                               ^
./mediapipe/framework/api2/builder.h:351:37: note: replace 'default' with 'delete'
  351 |   NodeBase& operator=(NodeBase&&) = default;
      |                                     ^~~~~~~
      |                                     delete
1 warning generated.
[4,225 / 4,234] Compiling mediapipe/calculators/tensor/inference_calculator_gl_advanced.cc; 34s local ... (3 actions running)
INFO: From Compiling mediapipe/tasks/cc/vision/face_landmarker/face_landmarks_detector_graph.cc:
In file included from mediapipe/tasks/cc/vision/face_landmarker/face_landmarks_detector_graph.cc:31:
./mediapipe/framework/api2/builder.h:351:13: warning: explicitly defaulted move assignment operator is implicitly deleted [-Wdefaulted-function-deleted]
  351 |   NodeBase& operator=(NodeBase&&) = default;
      |             ^
./mediapipe/framework/api2/builder.h:455:31: note: move assignment operator of 'NodeBase' is implicitly deleted because field 'node_builder_' is of reference type 'api3::builder::NodeBuilder &'
  455 |   api3::builder::NodeBuilder& node_builder_;
      |                               ^
./mediapipe/framework/api2/builder.h:351:37: note: replace 'default' with 'delete'
  351 |   NodeBase& operator=(NodeBase&&) = default;
      |                                     ^~~~~~~
      |                                     delete
In file included from mediapipe/tasks/cc/vision/face_landmarker/face_landmarks_detector_graph.cc:42:
./mediapipe/tasks/cc/components/utils/gate.h:39:14: warning: explicitly defaulted move assignment operator is implicitly deleted [-Wdefaulted-function-deleted]
   39 |   AllowGate& operator=(AllowGate&& allow_gate) = default;
      |              ^
./mediapipe/tasks/cc/components/utils/gate.h:64:31: note: move assignment operator of 'AllowGate' is implicitly deleted because field 'node_' is of reference type 'api2::builder::GenericNode &' (aka 'Node<mediapipe::api2::AnyType> &')
   64 |   api2::builder::GenericNode& node_;
      |                               ^
./mediapipe/tasks/cc/components/utils/gate.h:39:50: note: replace 'default' with 'delete'
   39 |   AllowGate& operator=(AllowGate&& allow_gate) = default;
      |                                                  ^~~~~~~
      |                                                  delete
./mediapipe/tasks/cc/components/utils/gate.h:80:17: warning: explicitly defaulted move assignment operator is implicitly deleted [-Wdefaulted-function-deleted]
   80 |   DisallowGate& operator=(DisallowGate&& disallow_gate) = default;
      |                 ^
./mediapipe/tasks/cc/components/utils/gate.h:115:31: note: move assignment operator of 'DisallowGate' is implicitly deleted because field 'node_' is of reference type 'api2::builder::GenericNode &' (aka 'Node<mediapipe::api2::AnyType> &')
  115 |   api2::builder::GenericNode& node_;
      |                               ^
./mediapipe/tasks/cc/components/utils/gate.h:80:59: note: replace 'default' with 'delete'
   80 |   DisallowGate& operator=(DisallowGate&& disallow_gate) = default;
      |                                                           ^~~~~~~
      |                                                           delete
3 warnings generated.
INFO: From Compiling mediapipe/tasks/cc/vision/face_landmarker/face_landmarker_roi_graph.cc:
In file included from mediapipe/tasks/cc/vision/face_landmarker/face_landmarker_roi_graph.cc:23:
./mediapipe/framework/api2/builder.h:351:13: warning: explicitly defaulted move assignment operator is implicitly deleted [-Wdefaulted-function-deleted]
  351 |   NodeBase& operator=(NodeBase&&) = default;
      |             ^
./mediapipe/framework/api2/builder.h:455:31: note: move assignment operator of 'NodeBase' is implicitly deleted because field 'node_builder_' is of reference type 'api3::builder::NodeBuilder &'
  455 |   api3::builder::NodeBuilder& node_builder_;
      |                               ^
./mediapipe/framework/api2/builder.h:351:37: note: replace 'default' with 'delete'
  351 |   NodeBase& operator=(NodeBase&&) = default;
      |                                     ^~~~~~~
      |                                     delete
1 warning generated.
[4,228 / 4,234] Linking mediapipe/examples/android/src/java/com/google/mediapipe/apps/faceheadroigpu/libmediapipe_jni.so; 0s local
[4,229 / 4,234] [Prepa] action 'SolibSymlink _solib_arm64-v8a/_U_S_Smediapipe_Sexamples_Sandroid_Ssrc_Sjava_Scom_Sgoogle_Smediapipe_Sapps_Sfaceheadroigpu_Cmediapipe_Ujni_Ulib___Umediapipe_Sexamples_Sandroid_Ssrc_Sjava_Scom_Sgoogle_Smediapipe_Sapps_Sfaceheadroigpu/libmediapipe_jni.so' ... (2 actions, 1 running)
[4,230 / 4,234] Generating unsigned apk; 1s local
[4,231 / 4,234] [Prepa] Generating unsigned apk
[4,233 / 4,234] Signing apk; 0s local
INFO: Found 1 target...
Target //mediapipe/examples/android/src/java/com/google/mediapipe/apps/faceheadroigpu:faceheadroigpu up-to-date:
  bazel-bin/mediapipe/examples/android/src/java/com/google/mediapipe/apps/faceheadroigpu/faceheadroigpu_deploy.jar
  bazel-bin/mediapipe/examples/android/src/java/com/google/mediapipe/apps/faceheadroigpu/faceheadroigpu_unsigned.apk
  bazel-bin/mediapipe/examples/android/src/java/com/google/mediapipe/apps/faceheadroigpu/faceheadroigpu.apk
INFO: Elapsed time: 1516.657s, Critical Path: 787.73s
INFO: 3152 processes: 16 internal, 3042 local, 94 worker.
INFO: Build completed successfully, 3152 total actions
